timestamp,elapsed_s,pid,ppid,cpu_percent_one_core,rss_kb,interval_s,utime_stime_ticks,internal_load
2026-10-07T23:02:20.443467+09:00,0.0422,17644,17643,95.207,1968,0.021007,3,
2026-10-07T23:02:20.464261+09:00,0.0632,17644,17643,95.25,1968,0.020997,5,
2026-10-07T23:02:20.485233+09:00,0.0842,17644,17643,95.303,1968,0.020986,7,
2026-10-07T23:02:20.506225+09:00,0.1052,17644,17643,47.618,2128,0.021,8,
2026-10-07T23:02:20.527221+09:00,0.1262,17644,17643,0.0,2128,0.021003,8,
2026-10-07T23:02:20.527321+09:00,0.1262,17645,17644,95.223,11440,0.021003,2,
2026-10-07T23:02:20.548249+09:00,0.1472,17644,17643,0.0,2128,0.021001,8,
2026-10-07T23:02:20.548348+09:00,0.1472,17645,17644,95.233,15740,0.021001,4,
2026-10-07T23:02:20.568961+09:00,0.1675,17644,17643,0.0,2128,0.020333,8,
2026-10-07T23:02:20.569071+09:00,0.1675,17645,17644,0.0,18188,0.020333,4,
2026-10-07T23:02:20.591007+09:00,0.1888,17644,17643,0.0,2128,0.021261,8,
2026-10-07T23:02:20.591150+09:00,0.1888,17645,17644,0.0,18188,0.021261,4,
2026-10-07T23:02:20.611792+09:00,0.21,17644,17643,0.0,2128,0.021291,8,
2026-10-07T23:02:20.611983+09:00,0.21,17645,17644,0.0,18188,0.021291,4,
2026-10-07T23:02:20.633306+09:00,0.2313,17644,17643,0.0,2128,0.021278,8,
2026-10-07T23:02:20.633427+09:00,0.2313,17645,17644,0.0,18188,0.021278,4,
2026-10-07T23:02:20.653790+09:00,0.2517,17644,17643,0.0,2128,0.020362,8,
2026-10-07T23:02:20.653983+09:00,0.2517,17645,17644,0.0,18188,0.020362,4,
2026-10-07T23:02:20.675190+09:00,0.2729,17644,17643,0.0,2128,0.021215,8,
2026-10-07T23:02:20.675332+09:00,0.2729,17645,17644,0.0,18188,0.021215,4,
2026-10-07T23:02:20.696270+09:00,0.2942,17644,17643,0.0,2128,0.021311,8,
2026-10-07T23:02:20.696398+09:00,0.2942,17645,17644,0.0,18188,0.021311,4,
2026-10-07T23:02:20.717792+09:00,0.3156,17644,17643,0.0,2128,0.021384,8,
2026-10-07T23:02:20.717989+09:00,0.3156,17645,17644,0.0,18188,0.021384,4,
2026-10-07T23:02:20.737770+09:00,0.3358,17644,17643,0.0,2128,0.020194,8,
2026-10-07T23:02:20.737923+09:00,0.3358,17645,17644,0.0,18188,0.020194,4,
2026-10-07T23:02:20.759151+09:00,0.3571,17644,17643,0.0,2128,0.021304,8,
2026-10-07T23:02:20.759283+09:00,0.3571,17645,17644,0.0,18188,0.021304,4,
2026-10-07T23:02:20.780568+09:00,0.3784,17644,17643,0.0,2128,0.021345,8,
2026-10-07T23:02:20.780705+09:00,0.3784,17645,17644,0.0,18188,0.021345,4,
2026-10-07T23:02:20.801839+09:00,0.3997,17644,17643,0.0,2128,0.021298,8,
2026-10-07T23:02:20.802042+09:00,0.3997,17645,17644,0.0,18188,0.021298,4,
2026-10-07T23:02:20.823298+09:00,0.4211,17644,17643,0.0,2128,0.021337,8,
2026-10-07T23:02:20.823438+09:00,0.4211,17645,17644,0.0,18188,0.021337,4,
2026-10-07T23:02:20.843304+09:00,0.4416,17644,17643,0.0,2128,0.020509,8,
2026-10-07T23:02:20.843442+09:00,0.4416,17645,17644,0.0,18188,0.020509,4,
2026-10-07T23:02:20.864911+09:00,0.4629,17644,17643,0.0,2128,0.021301,8,
2026-10-07T23:02:20.865074+09:00,0.4629,17645,17644,0.0,18188,0.021301,4,
2026-10-07T23:02:20.886347+09:00,0.4842,17644,17643,0.0,2128,0.02134,8,
2026-10-07T23:02:20.886485+09:00,0.4842,17645,17644,0.0,18188,0.02134,4,
2026-10-07T23:02:20.907719+09:00,0.5056,17644,17643,0.0,2128,0.021336,8,
2026-10-07T23:02:20.907858+09:00,0.5056,17645,17644,0.0,18188,0.021336,4,
2026-10-07T23:02:20.928911+09:00,0.5269,17644,17643,0.0,2128,0.021311,8,
2026-10-07T23:02:20.929080+09:00,0.5269,17645,17644,0.0,18188,0.021311,4,
2026-10-07T23:02:20.950260+09:00,0.5482,17644,17643,0.0,2128,0.021326,8,
2026-10-07T23:02:20.950394+09:00,0.5482,17645,17644,0.0,18188,0.021326,4,
2026-10-07T23:02:20.970497+09:00,0.5683,17644,17643,0.0,2128,0.020156,8,
2026-10-07T23:02:20.970632+09:00,0.5683,17645,17644,0.0,18188,0.020156,4,
2026-10-07T23:02:20.992401+09:00,0.5896,17644,17643,0.0,2128,0.021295,8,
2026-10-07T23:02:20.992536+09:00,0.5896,17645,17644,0.0,18188,0.021295,4,
2026-10-07T23:02:21.012350+09:00,0.6102,17644,17643,0.0,2128,0.020578,8,
2026-10-07T23:02:21.012485+09:00,0.6102,17645,17644,0.0,18188,0.020578,4,
2026-10-07T23:02:21.033561+09:00,0.6315,17644,17643,0.0,2128,0.0213,8,
2026-10-07T23:02:21.033685+09:00,0.6315,17645,17644,0.0,18188,0.0213,4,
2026-10-07T23:02:21.054996+09:00,0.6529,17644,17643,0.0,2128,0.021329,8,
2026-10-07T23:02:21.055136+09:00,0.6529,17645,17644,0.0,18188,0.021329,4,
2026-10-07T23:02:21.075715+09:00,0.6733,17644,17643,0.0,2128,0.020496,8,
2026-10-07T23:02:21.075852+09:00,0.6733,17645,17644,0.0,18188,0.020496,4,
2026-10-07T23:02:21.096784+09:00,0.6947,17644,17643,0.0,2128,0.021343,8,
2026-10-07T23:02:21.096967+09:00,0.6947,17645,17644,0.0,18188,0.021343,4,
2026-10-07T23:02:21.118158+09:00,0.716,17644,17643,0.0,2128,0.021342,8,
2026-10-07T23:02:21.118297+09:00,0.716,17645,17644,0.0,18188,0.021342,4,
2026-10-07T23:02:21.138190+09:00,0.7363,17644,17643,0.0,2128,0.020219,8,
2026-10-07T23:02:21.138325+09:00,0.7363,17645,17644,0.0,18188,0.020219,4,
2026-10-07T23:02:21.158783+09:00,0.7567,17644,17643,0.0,2128,0.020456,8,
2026-10-07T23:02:21.158960+09:00,0.7567,17645,17644,0.0,18188,0.020456,4,
2026-10-07T23:02:21.180146+09:00,0.7781,17644,17643,0.0,2128,0.021355,8,
2026-10-07T23:02:21.180282+09:00,0.7781,17645,17644,0.0,18188,0.021355,4,
2026-10-07T23:02:21.201339+09:00,0.7993,17644,17643,0.0,2128,0.021226,8,
2026-10-07T23:02:21.201468+09:00,0.7993,17645,17644,0.0,18188,0.021226,4,
2026-10-07T23:02:21.222786+09:00,0.8206,17644,17643,0.0,2128,0.021327,8,
2026-10-07T23:02:21.222990+09:00,0.8206,17645,17644,0.0,18188,0.021327,4,
2026-10-07T23:02:21.242990+09:00,0.8408,17644,17643,0.0,2128,0.020179,8,
2026-10-07T23:02:21.243138+09:00,0.8408,17645,17644,0.0,18188,0.020179,4,
2026-10-07T23:02:21.264106+09:00,0.8621,17644,17643,0.0,2128,0.021303,8,
2026-10-07T23:02:21.264230+09:00,0.8621,17645,17644,0.0,18188,0.021303,4,
2026-10-07T23:02:21.285551+09:00,0.8834,17644,17643,0.0,2128,0.021327,8,
2026-10-07T23:02:21.285686+09:00,0.8834,17645,17644,0.0,18188,0.021327,4,
2026-10-07T23:02:21.305265+09:00,0.9037,17644,17643,0.0,2128,0.020269,8,
2026-10-07T23:02:21.305396+09:00,0.9037,17645,17644,0.0,18188,0.020269,4,
2026-10-07T23:02:21.327077+09:00,0.9251,17644,17643,0.0,2128,0.021367,8,
2026-10-07T23:02:21.327210+09:00,0.9251,17645,17644,0.0,18188,0.021367,4,
2026-10-07T23:02:21.348488+09:00,0.9464,17644,17643,0.0,2128,0.02133,8,
2026-10-07T23:02:21.348621+09:00,0.9464,17645,17644,0.0,18188,0.02133,4,
2026-10-07T23:02:21.369831+09:00,0.9677,17644,17643,0.0,2128,0.021289,8,
2026-10-07T23:02:21.370021+09:00,0.9677,17645,17644,0.0,18188,0.021289,4,
2026-10-07T23:02:21.391088+09:00,0.989,17644,17643,0.0,2128,0.021331,8,
2026-10-07T23:02:21.391218+09:00,0.989,17645,17644,0.0,18188,0.021331,4,
2026-10-07T23:02:21.411804+09:00,1.0101,17644,17643,0.0,2128,0.021058,8,
2026-10-07T23:02:21.411997+09:00,1.0101,17645,17644,0.0,18188,0.021058,4,
2026-10-07T23:02:21.433336+09:00,1.0314,17644,17643,0.0,2128,0.021283,8,
2026-10-07T23:02:21.433459+09:00,1.0314,17645,17644,0.0,18188,0.021283,4,
2026-10-07T23:02:21.453920+09:00,1.0518,17644,17643,0.0,2128,0.020452,8,
2026-10-07T23:02:21.454095+09:00,1.0518,17645,17644,0.0,18188,0.020452,4,
2026-10-07T23:02:21.473536+09:00,1.072,17644,17643,0.0,2128,0.020226,8,
2026-10-07T23:02:21.473704+09:00,1.072,17645,17644,0.0,18188,0.020226,4,
2026-10-07T23:02:21.495417+09:00,1.0934,17644,17643,0.0,2128,0.021322,8,
2026-10-07T23:02:21.495544+09:00,1.0934,17645,17644,0.0,18188,0.021322,4,
2026-10-07T23:02:21.516788+09:00,1.1147,17644,17643,0.0,2128,0.021345,8,
2026-10-07T23:02:21.516980+09:00,1.1147,17645,17644,0.0,18188,0.021345,4,
2026-10-07T23:02:21.537389+09:00,1.1351,17644,17643,0.0,2128,0.020401,8,
2026-10-07T23:02:21.537526+09:00,1.1351,17645,17644,0.0,18188,0.020401,4,
2026-10-07T23:02:21.558550+09:00,1.1564,17644,17643,0.0,2128,0.0213,8,
2026-10-07T23:02:21.558683+09:00,1.1564,17645,17644,0.0,18188,0.0213,4,
2026-10-07T23:02:21.578856+09:00,1.1768,17644,17643,0.0,2128,0.020378,8,
2026-10-07T23:02:21.579044+09:00,1.1768,17645,17644,0.0,18188,0.020378,4,
2026-10-07T23:02:21.600035+09:00,1.198,17644,17643,0.0,2128,0.021261,8,
2026-10-07T23:02:21.600157+09:00,1.198,17645,17644,0.0,18188,0.021261,4,
2026-10-07T23:02:21.620612+09:00,1.2185,17644,17643,0.0,2128,0.020452,8,
2026-10-07T23:02:21.620748+09:00,1.2185,17645,17644,0.0,18188,0.020452,4,
2026-10-07T23:02:21.641948+09:00,1.2398,17644,17643,0.0,2128,0.021304,8,
2026-10-07T23:02:21.642093+09:00,1.2398,17645,17644,0.0,18188,0.021304,4,
2026-10-07T23:02:21.663099+09:00,1.2611,17644,17643,0.0,2128,0.021297,8,
2026-10-07T23:02:21.663219+09:00,1.2611,17645,17644,0.0,18188,0.021297,4,
2026-10-07T23:02:21.684545+09:00,1.2824,17644,17643,0.0,2128,0.021315,8,
2026-10-07T23:02:21.684681+09:00,1.2824,17645,17644,0.0,18188,0.021315,4,
2026-10-07T23:02:21.704624+09:00,1.3028,17644,17643,0.0,2128,0.020408,8,
2026-10-07T23:02:21.704756+09:00,1.3028,17645,17644,0.0,18188,0.020408,4,
2026-10-07T23:02:21.725651+09:00,1.3236,17644,17643,0.0,2128,0.020754,8,
2026-10-07T23:02:21.725781+09:00,1.3236,17645,17644,0.0,18188,0.020754,4,
2026-10-07T23:02:21.747049+09:00,1.3449,17644,17643,0.0,2128,0.021332,8,
2026-10-07T23:02:21.747187+09:00,1.3449,17645,17644,0.0,18188,0.021332,4,
2026-10-07T23:02:21.768143+09:00,1.366,17644,17643,0.0,2128,0.021139,8,
2026-10-07T23:02:21.768283+09:00,1.366,17645,17644,0.0,18188,0.021139,4,
2026-10-07T23:02:21.789335+09:00,1.3872,17644,17643,0.0,2128,0.021205,8,
2026-10-07T23:02:21.789470+09:00,1.3872,17645,17644,0.0,18188,0.021205,4,
2026-10-07T23:02:21.810549+09:00,1.4084,17644,17643,0.0,2128,0.021201,8,
2026-10-07T23:02:21.810688+09:00,1.4084,17645,17644,0.0,18188,0.021201,4,
2026-10-07T23:02:21.831951+09:00,1.4297,17644,17643,0.0,2128,0.021274,8,
2026-10-07T23:02:21.832104+09:00,1.4297,17645,17644,0.0,18188,0.021274,4,
2026-10-07T23:02:21.853185+09:00,1.4511,17644,17643,0.0,2128,0.021357,8,
2026-10-07T23:02:21.853321+09:00,1.4511,17645,17644,0.0,18188,0.021357,4,
2026-10-07T23:02:21.874636+09:00,1.4724,17644,17643,0.0,2128,0.021359,8,
2026-10-07T23:02:21.874804+09:00,1.4724,17645,17644,0.0,18188,0.021359,4,
2026-10-07T23:02:21.895799+09:00,1.4937,17644,17643,0.0,2128,0.021286,8,
2026-10-07T23:02:21.895981+09:00,1.4937,17645,17644,0.0,18188,0.021286,4,
2026-10-07T23:02:21.917169+09:00,1.5151,17644,17643,0.0,2128,0.021329,8,
2026-10-07T23:02:21.917305+09:00,1.5151,17645,17644,0.0,18188,0.021329,4,
2026-10-07T23:02:21.938162+09:00,1.5363,17644,17643,0.0,2128,0.021213,8,
2026-10-07T23:02:21.938294+09:00,1.5363,17645,17644,0.0,18188,0.021213,4,
2026-10-07T23:02:21.959059+09:00,1.557,17644,17643,0.0,2128,0.020718,8,
2026-10-07T23:02:21.959189+09:00,1.557,17645,17644,0.0,18188,0.020718,4,
2026-10-07T23:02:21.980422+09:00,1.5783,17644,17643,0.0,2128,0.021325,8,
2026-10-07T23:02:21.980556+09:00,1.5783,17645,17644,0.0,18188,0.021325,4,
2026-10-07T23:02:22.001610+09:00,1.5996,17644,17643,0.0,2128,0.021285,8,
2026-10-07T23:02:22.001736+09:00,1.5996,17645,17644,0.0,18188,0.021285,4,
2026-10-07T23:02:22.023069+09:00,1.6209,17644,17643,0.0,2128,0.021333,8,
2026-10-07T23:02:22.023206+09:00,1.6209,17645,17644,0.0,18188,0.021333,4,
2026-10-07T23:02:22.044199+09:00,1.642,17644,17643,0.0,2128,0.021076,8,
2026-10-07T23:02:22.044335+09:00,1.642,17645,17644,0.0,18188,0.021076,4,
2026-10-07T23:02:22.065393+09:00,1.6633,17644,17643,0.0,2128,0.021321,8,
2026-10-07T23:02:22.065522+09:00,1.6633,17645,17644,0.0,18188,0.021321,4,
2026-10-07T23:02:22.086837+09:00,1.6847,17644,17643,0.0,2128,0.021382,8,
2026-10-07T23:02:22.087031+09:00,1.6847,17645,17644,0.0,18188,0.021382,4,
2026-10-07T23:02:22.106423+09:00,1.705,17644,17643,0.0,2128,0.020256,8,
2026-10-07T23:02:22.106532+09:00,1.705,17645,17644,0.0,18188,0.020256,4,
2026-10-07T23:02:22.128331+09:00,1.7263,17644,17643,0.0,2128,0.021327,8,
2026-10-07T23:02:22.128461+09:00,1.7263,17645,17644,0.0,18188,0.021327,4,
2026-10-07T23:02:22.149718+09:00,1.7476,17644,17643,0.0,2128,0.021327,8,
2026-10-07T23:02:22.149853+09:00,1.7476,17645,17644,0.0,18188,0.021327,4,
2026-10-07T23:02:22.170722+09:00,1.7685,17644,17643,0.0,2128,0.020924,8,
2026-10-07T23:02:22.170856+09:00,1.7685,17645,17644,0.0,18188,0.020924,4,
2026-10-07T23:02:22.192037+09:00,1.7899,17644,17643,0.0,2128,0.021326,8,
2026-10-07T23:02:22.192173+09:00,1.7899,17645,17644,0.0,18188,0.021326,4,
2026-10-07T23:02:22.212040+09:00,1.8102,17644,17643,0.0,2128,0.02035,8,
2026-10-07T23:02:22.212182+09:00,1.8102,17645,17644,0.0,18188,0.02035,4,
2026-10-07T23:02:22.233550+09:00,1.8315,17644,17643,0.0,2128,0.02131,8,
2026-10-07T23:02:22.233677+09:00,1.8315,17645,17644,0.0,18188,0.02131,4,
2026-10-07T23:02:22.255050+09:00,1.8529,17644,17643,0.0,2128,0.021333,8,
2026-10-07T23:02:22.255189+09:00,1.8529,17645,17644,0.0,18188,0.021333,4,
2026-10-07T23:02:22.276200+09:00,1.8741,17644,17643,0.0,2128,0.021198,8,
2026-10-07T23:02:22.276336+09:00,1.8741,17645,17644,0.0,18188,0.021198,4,
2026-10-07T23:02:22.296250+09:00,1.8943,17644,17643,0.0,2128,0.020207,8,
2026-10-07T23:02:22.296376+09:00,1.8943,17645,17644,0.0,18188,0.020207,4,
2026-10-07T23:02:22.317770+09:00,1.9156,17644,17643,0.0,2128,0.021365,8,
2026-10-07T23:02:22.317954+09:00,1.9156,17645,17644,0.0,18188,0.021365,4,
2026-10-07T23:02:22.338548+09:00,1.9368,17644,17643,0.0,2128,0.021205,8,
2026-10-07T23:02:22.338680+09:00,1.9368,17645,17644,0.0,18188,0.021205,4,
2026-10-07T23:02:22.359132+09:00,1.9571,17644,17643,0.0,2128,0.020279,8,
2026-10-07T23:02:22.359259+09:00,1.9571,17645,17644,0.0,18188,0.020279,4,
2026-10-07T23:02:22.380571+09:00,1.9785,17644,17643,0.0,2128,0.021341,8,
2026-10-07T23:02:22.380706+09:00,1.9785,17645,17644,0.0,18188,0.021341,4,
2026-10-07T23:02:22.401365+09:00,1.9993,17644,17643,0.0,2128,0.020895,8,
2026-10-07T23:02:22.401493+09:00,1.9993,17645,17644,0.0,18188,0.020895,4,
2026-10-07T23:02:22.422782+09:00,2.0207,17644,17643,0.0,2128,0.021346,8,
2026-10-07T23:02:22.422963+09:00,2.0207,17645,17644,0.0,18188,0.021346,4,
2026-10-07T23:02:22.443073+09:00,2.041,17644,17643,0.0,2128,0.020304,8,
2026-10-07T23:02:22.443212+09:00,2.041,17645,17644,0.0,18188,0.020304,4,
2026-10-07T23:02:22.464338+09:00,2.0623,17644,17643,0.0,2128,0.021318,8,
2026-10-07T23:02:22.464462+09:00,2.0623,17645,17644,0.0,18188,0.021318,4,
2026-10-07T23:02:22.485773+09:00,2.0836,17644,17643,0.0,2128,0.021283,8,
2026-10-07T23:02:22.485968+09:00,2.0836,17645,17644,0.0,18188,0.021283,4,
2026-10-07T23:02:22.505650+09:00,2.1039,17644,17643,0.0,2128,0.020337,8,
2026-10-07T23:02:22.505845+09:00,2.1039,17645,17644,0.0,18188,0.020337,4,
2026-10-07T23:02:22.526609+09:00,2.1245,17644,17643,0.0,2128,0.020579,8,
2026-10-07T23:02:22.526743+09:00,2.1245,17645,17644,0.0,18188,0.020579,4,
2026-10-07T23:02:22.548009+09:00,2.1459,17644,17643,0.0,2128,0.021346,8,
2026-10-07T23:02:22.548149+09:00,2.1459,17645,17644,0.0,18188,0.021346,4,
2026-10-07T23:02:22.569187+09:00,2.1672,17644,17643,0.0,2128,0.021297,8,
2026-10-07T23:02:22.569320+09:00,2.1672,17645,17644,0.0,18188,0.021297,4,
2026-10-07T23:02:22.590597+09:00,2.1885,17644,17643,0.0,2128,0.021333,8,5.00
2026-10-07T23:02:22.590729+09:00,2.1885,17645,17644,46.875,18328,0.021333,5,5.00
2026-10-07T23:02:22.610375+09:00,2.2088,17644,17643,0.0,2128,0.020279,8,5.00
2026-10-07T23:02:22.610510+09:00,2.2088,17645,17644,0.0,18328,0.020279,5,5.00
2026-10-07T23:02:22.632043+09:00,2.2301,17644,17643,0.0,2128,0.021297,8,5.00
2026-10-07T23:02:22.632166+09:00,2.2301,17645,17644,0.0,18328,0.021297,5,5.00
2026-10-07T23:02:22.653537+09:00,2.2514,17644,17643,0.0,2128,0.021362,8,5.00
2026-10-07T23:02:22.653672+09:00,2.2514,17645,17644,0.0,18328,0.021362,5,5.00
2026-10-07T23:02:22.674542+09:00,2.2724,17644,17643,0.0,2128,0.020934,8,5.00
2026-10-07T23:02:22.674686+09:00,2.2724,17645,17644,0.0,18328,0.020934,5,5.00
2026-10-07T23:02:22.695757+09:00,2.2937,17644,17643,0.0,2128,0.021325,8,5.00
2026-10-07T23:02:22.695898+09:00,2.2937,17645,17644,0.0,18328,0.021325,5,5.00
2026-10-07T23:02:22.717158+09:00,2.3151,17644,17643,0.0,2128,0.021381,8,5.00
2026-10-07T23:02:22.717294+09:00,2.3151,17645,17644,0.0,18328,0.021381,5,5.00
2026-10-07T23:02:22.737523+09:00,2.3353,17644,17643,0.0,2128,0.020259,8,5.00
2026-10-07T23:02:22.737658+09:00,2.3353,17645,17644,0.0,18328,0.020259,5,5.00
2026-10-07T23:02:22.758731+09:00,2.3567,17644,17643,0.0,2128,0.021325,8,5.00
2026-10-07T23:02:22.758862+09:00,2.3567,17645,17644,0.0,18328,0.021325,5,5.00
2026-10-07T23:02:22.779279+09:00,2.3772,17644,17643,0.0,2128,0.02053,8,5.00
2026-10-07T23:02:22.779417+09:00,2.3772,17645,17644,0.0,18328,0.02053,5,5.00
2026-10-07T23:02:22.800574+09:00,2.3985,17644,17643,0.0,2128,0.021318,8,5.00
2026-10-07T23:02:22.800707+09:00,2.3985,17645,17644,0.0,18328,0.021318,5,5.00
2026-10-07T23:02:22.820866+09:00,2.4188,17644,17643,0.0,2128,0.020249,8,5.00
2026-10-07T23:02:22.821058+09:00,2.4188,17645,17644,0.0,18328,0.020249,5,5.00
2026-10-07T23:02:22.842414+09:00,2.4401,17644,17643,0.0,2128,0.021337,8,5.00
2026-10-07T23:02:22.842549+09:00,2.4401,17645,17644,0.0,18328,0.021337,5,5.00
2026-10-07T23:02:22.863414+09:00,2.4614,17644,17643,0.0,2128,0.021308,8,5.00
2026-10-07T23:02:22.863535+09:00,2.4614,17645,17644,0.0,18328,0.021308,5,5.00
2026-10-07T23:02:22.884797+09:00,2.4827,17644,17643,0.0,2128,0.021289,8,5.00
2026-10-07T23:02:22.884990+09:00,2.4827,17645,17644,0.0,18328,0.021289,5,5.00
2026-10-07T23:02:22.905213+09:00,2.5034,17644,17643,0.0,2128,0.020668,8,5.00
2026-10-07T23:02:22.905346+09:00,2.5034,17645,17644,0.0,18328,0.020668,5,5.00
2026-10-07T23:02:22.925902+09:00,2.5239,17644,17643,0.0,2128,0.020519,8,5.00
2026-10-07T23:02:22.926074+09:00,2.5239,17645,17644,0.0,18328,0.020519,5,5.00
2026-10-07T23:02:22.947313+09:00,2.5452,17644,17643,0.0,2128,0.021337,8,5.00
2026-10-07T23:02:22.947449+09:00,2.5452,17645,17644,0.0,18328,0.021337,5,5.00
2026-10-07T23:02:22.968548+09:00,2.5665,17644,17643,0.0,2128,0.021313,8,5.00
2026-10-07T23:02:22.968675+09:00,2.5665,17645,17644,0.0,18328,0.021313,5,5.00
2026-10-07T23:02:22.990083+09:00,2.5879,17644,17643,0.0,2128,0.021338,8,5.00
2026-10-07T23:02:22.990253+09:00,2.5879,17645,17644,0.0,18328,0.021338,5,5.00
2026-10-07T23:02:23.010749+09:00,2.6086,17644,17643,0.0,2128,0.020721,8,5.00
2026-10-07T23:02:23.010903+09:00,2.6086,17645,17644,0.0,18328,0.020721,5,5.00
2026-10-07T23:02:23.031906+09:00,2.6299,17644,17643,0.0,2128,0.021304,8,5.00
2026-10-07T23:02:23.032070+09:00,2.6299,17645,17644,0.0,18328,0.021304,5,5.00
2026-10-07T23:02:23.053362+09:00,2.6512,17644,17643,0.0,2128,0.021349,8,5.00
2026-10-07T23:02:23.053497+09:00,2.6512,17645,17644,0.0,18328,0.021349,5,5.00
2026-10-07T23:02:23.074770+09:00,2.6726,17644,17643,0.0,2128,0.021316,8,5.00
2026-10-07T23:02:23.075030+09:00,2.6726,17645,17644,0.0,18328,0.021316,5,5.00
2026-10-07T23:02:23.095948+09:00,2.6939,17644,17643,0.0,2128,0.021317,8,5.00
2026-10-07T23:02:23.096091+09:00,2.6939,17645,17644,0.0,18328,0.021317,5,5.00
2026-10-07T23:02:23.117299+09:00,2.7152,17644,17643,0.0,2128,0.021329,8,5.00
2026-10-07T23:02:23.117434+09:00,2.7152,17645,17644,0.0,18328,0.021329,5,5.00
2026-10-07T23:02:23.137622+09:00,2.7354,17644,17643,0.0,2128,0.020191,8,5.00
2026-10-07T23:02:23.137761+09:00,2.7354,17645,17644,0.0,18328,0.020191,5,5.00
2026-10-07T23:02:23.158845+09:00,2.7567,17644,17643,0.0,2128,0.021342,8,5.00
2026-10-07T23:02:23.159034+09:00,2.7567,17645,17644,0.0,18328,0.021342,5,5.00
2026-10-07T23:02:23.179281+09:00,2.7772,17644,17643,0.0,2128,0.02045,8,5.00
2026-10-07T23:02:23.179415+09:00,2.7772,17645,17644,0.0,18328,0.02045,5,5.00
2026-10-07T23:02:23.200513+09:00,2.7985,17644,17643,0.0,2128,0.0213,8,5.00
2026-10-07T23:02:23.200638+09:00,2.7985,17645,17644,0.0,18328,0.0213,5,5.00
2026-10-07T23:02:23.221419+09:00,2.8194,17644,17643,0.0,2128,0.020904,8,5.00
2026-10-07T23:02:23.221556+09:00,2.8194,17645,17644,0.0,18328,0.020904,5,5.00
2026-10-07T23:02:23.242691+09:00,2.8403,17644,17643,0.0,2128,0.020899,8,5.00
2026-10-07T23:02:23.242830+09:00,2.8403,17645,17644,0.0,18328,0.020899,5,5.00
2026-10-07T23:02:23.263654+09:00,2.8616,17644,17643,0.0,2128,0.021307,8,5.00
2026-10-07T23:02:23.263779+09:00,2.8616,17645,17644,0.0,18328,0.021307,5,5.00
2026-10-07T23:02:23.285085+09:00,2.8829,17644,17643,0.0,2128,0.021306,8,5.00
2026-10-07T23:02:23.285224+09:00,2.8829,17645,17644,0.0,18328,0.021306,5,5.00
2026-10-07T23:02:23.305677+09:00,2.9038,17644,17643,0.0,2128,0.020859,8,5.00
2026-10-07T23:02:23.305810+09:00,2.9038,17645,17644,0.0,18328,0.020859,5,5.00
2026-10-07T23:02:23.325193+09:00,2.924,17644,17643,0.0,2128,0.020227,8,5.00
2026-10-07T23:02:23.325303+09:00,2.924,17645,17644,0.0,18328,0.020227,5,5.00
2026-10-07T23:02:23.346697+09:00,2.9446,17644,17643,0.0,2128,0.020586,8,5.00
2026-10-07T23:02:23.346832+09:00,2.9446,17645,17644,0.0,18328,0.020586,5,5.00
2026-10-07T23:02:23.367823+09:00,2.9659,17644,17643,0.0,2128,0.021299,8,5.00
2026-10-07T23:02:23.367999+09:00,2.9659,17645,17644,0.0,18328,0.021299,5,5.00
2026-10-07T23:02:23.389315+09:00,2.9872,17644,17643,0.0,2128,0.021341,8,5.00
2026-10-07T23:02:23.389452+09:00,2.9872,17645,17644,0.0,18328,0.021341,5,5.00
2026-10-07T23:02:23.410254+09:00,3.0079,17644,17643,0.0,2128,0.02067,8,5.00
2026-10-07T23:02:23.410392+09:00,3.0079,17645,17644,0.0,18328,0.02067,5,5.00
2026-10-07T23:02:23.431183+09:00,3.0291,17644,17643,0.0,2128,0.021263,8,5.00
2026-10-07T23:02:23.431307+09:00,3.0291,17645,17644,0.0,18328,0.021263,5,5.00
2026-10-07T23:02:23.452580+09:00,3.0505,17644,17643,0.0,2128,0.021327,8,5.00
2026-10-07T23:02:23.452716+09:00,3.0505,17645,17644,0.0,18328,0.021327,5,5.00
2026-10-07T23:02:23.472335+09:00,3.0706,17644,17643,0.0,2128,0.020162,8,5.00
2026-10-07T23:02:23.472467+09:00,3.0706,17645,17644,0.0,18328,0.020162,5,5.00
2026-10-07T23:02:23.492874+09:00,3.0908,17644,17643,0.0,2128,0.0202,8,5.00
2026-10-07T23:02:23.493061+09:00,3.0908,17645,17644,0.0,18328,0.0202,5,5.00
2026-10-07T23:02:23.513289+09:00,3.1112,17644,17643,0.0,2128,0.020338,8,5.00
2026-10-07T23:02:23.513423+09:00,3.1112,17645,17644,0.0,18328,0.020338,5,5.00
2026-10-07T23:02:23.534479+09:00,3.1325,17644,17643,0.0,2128,0.021301,8,5.00
2026-10-07T23:02:23.534601+09:00,3.1325,17645,17644,0.0,18328,0.021301,5,5.00
2026-10-07T23:02:23.555871+09:00,3.1538,17644,17643,0.0,2128,0.021324,8,5.00
2026-10-07T23:02:23.556057+09:00,3.1538,17645,17644,0.0,18328,0.021324,5,5.00
2026-10-07T23:02:23.577163+09:00,3.175,17644,17643,0.0,2128,0.021233,8,5.00
2026-10-07T23:02:23.577298+09:00,3.175,17645,17644,0.0,18328,0.021233,5,5.00
2026-10-07T23:02:23.598357+09:00,3.1963,17644,17643,0.0,2128,0.021306,8,5.00
2026-10-07T23:02:23.598483+09:00,3.1963,17645,17644,0.0,18328,0.021306,5,5.00
2026-10-07T23:02:23.619825+09:00,3.2177,17644,17643,0.0,2128,0.021363,8,5.00
2026-10-07T23:02:23.620019+09:00,3.2177,17645,17644,0.0,18328,0.021363,5,5.00
2026-10-07T23:02:23.640979+09:00,3.2388,17644,17643,0.0,2128,0.021089,8,5.00
2026-10-07T23:02:23.641116+09:00,3.2388,17645,17644,0.0,18328,0.021089,5,5.00
2026-10-07T23:02:23.662237+09:00,3.2601,17644,17643,0.0,2128,0.021337,8,5.00
2026-10-07T23:02:23.662373+09:00,3.2601,17645,17644,0.0,18328,0.021337,5,5.00
2026-10-07T23:02:23.683617+09:00,3.2814,17644,17643,0.0,2128,0.021293,8,5.00
2026-10-07T23:02:23.683758+09:00,3.2814,17645,17644,0.0,18328,0.021293,5,5.00
2026-10-07T23:02:23.704302+09:00,3.3021,17644,17643,0.0,2128,0.020704,8,5.00
2026-10-07T23:02:23.704440+09:00,3.3021,17645,17644,0.0,18328,0.020704,5,5.00
2026-10-07T23:02:23.725508+09:00,3.3234,17644,17643,0.0,2128,0.021325,8,5.00
2026-10-07T23:02:23.725638+09:00,3.3234,17645,17644,0.0,18328,0.021325,5,5.00
2026-10-07T23:02:23.746715+09:00,3.3446,17644,17643,0.0,2128,0.021149,8,5.00
2026-10-07T23:02:23.746848+09:00,3.3446,17645,17644,0.0,18328,0.021149,5,5.00
2026-10-07T23:02:23.767867+09:00,3.3659,17644,17643,0.0,2128,0.021301,8,5.00
2026-10-07T23:02:23.768044+09:00,3.3659,17645,17644,0.0,18328,0.021301,5,5.00
2026-10-07T23:02:23.789135+09:00,3.387,17644,17643,0.0,2128,0.021123,8,5.00
2026-10-07T23:02:23.789270+09:00,3.387,17645,17644,0.0,18328,0.021123,5,5.00
2026-10-07T23:02:23.810395+09:00,3.4082,17644,17643,0.0,2128,0.0212,8,5.00
2026-10-07T23:02:23.810532+09:00,3.4082,17645,17644,0.0,18328,0.0212,5,5.00
2026-10-07T23:02:23.831548+09:00,3.4295,17644,17643,0.0,2128,0.021307,8,5.00
2026-10-07T23:02:23.831673+09:00,3.4295,17645,17644,0.0,18328,0.021307,5,5.00
2026-10-07T23:02:23.853074+09:00,3.4509,17644,17643,0.0,2128,0.021363,8,5.00
2026-10-07T23:02:23.853211+09:00,3.4509,17645,17644,0.0,18328,0.021363,5,5.00
2026-10-07T23:02:23.874276+09:00,3.4722,17644,17643,0.0,2128,0.021315,8,5.00
2026-10-07T23:02:23.874409+09:00,3.4722,17645,17644,0.0,18328,0.021315,5,5.00
2026-10-07T23:02:23.895583+09:00,3.4935,17644,17643,0.0,2128,0.021326,8,5.00
2026-10-07T23:02:23.895712+09:00,3.4935,17645,17644,0.0,18328,0.021326,5,5.00
2026-10-07T23:02:23.917003+09:00,3.5149,17644,17643,0.0,2128,0.021332,8,5.00
2026-10-07T23:02:23.917142+09:00,3.5149,17645,17644,0.0,18328,0.021332,5,5.00
2026-10-07T23:02:23.938378+09:00,3.5361,17644,17643,0.0,2128,0.021212,8,5.00
2026-10-07T23:02:23.938518+09:00,3.5361,17645,17644,0.0,18328,0.021212,5,5.00
2026-10-07T23:02:23.959322+09:00,3.5572,17644,17643,0.0,2128,0.021151,8,5.00
2026-10-07T23:02:23.959455+09:00,3.5572,17645,17644,0.0,18328,0.021151,5,5.00
2026-10-07T23:02:23.979658+09:00,3.5779,17644,17643,0.0,2128,0.020636,8,5.00
2026-10-07T23:02:23.979846+09:00,3.5779,17645,17644,0.0,18328,0.020636,5,5.00
2026-10-07T23:02:24.001275+09:00,3.5991,17644,17643,0.0,2128,0.021292,8,5.00
2026-10-07T23:02:24.001412+09:00,3.5991,17645,17644,0.0,18328,0.021292,5,5.00
2026-10-07T23:02:24.022639+09:00,3.6205,17644,17643,0.0,2128,0.021332,8,5.00
2026-10-07T23:02:24.022777+09:00,3.6205,17645,17644,0.0,18328,0.021332,5,5.00
2026-10-07T23:02:24.043493+09:00,3.6413,17644,17643,0.0,2128,0.020855,8,5.00
2026-10-07T23:02:24.043627+09:00,3.6413,17645,17644,0.0,18328,0.020855,5,5.00
2026-10-07T23:02:24.064682+09:00,3.6626,17644,17643,0.0,2128,0.021303,8,5.00
2026-10-07T23:02:24.064804+09:00,3.6626,17645,17644,0.0,18328,0.021303,5,5.00
2026-10-07T23:02:24.086086+09:00,3.6839,17644,17643,0.0,2128,0.021268,8,5.00
2026-10-07T23:02:24.086222+09:00,3.6839,17645,17644,0.0,18328,0.021268,5,5.00
2026-10-07T23:02:24.105634+09:00,3.7041,17644,17643,0.0,2128,0.020216,8,5.00
2026-10-07T23:02:24.105744+09:00,3.7041,17645,17644,0.0,18328,0.020216,5,5.00
2026-10-07T23:02:24.126220+09:00,3.7243,17644,17643,0.0,2128,0.020192,8,5.00
2026-10-07T23:02:24.126359+09:00,3.7243,17645,17644,0.0,18328,0.020192,5,5.00
2026-10-07T23:02:24.146791+09:00,3.7446,17644,17643,0.0,2128,0.020334,8,5.00
2026-10-07T23:02:24.146982+09:00,3.7446,17645,17644,0.0,18328,0.020334,5,5.00
2026-10-07T23:02:24.167894+09:00,3.7658,17644,17643,0.0,2128,0.021152,8,5.00
2026-10-07T23:02:24.168060+09:00,3.7658,17645,17644,0.0,18328,0.021152,5,5.00
2026-10-07T23:02:24.189322+09:00,3.7871,17644,17643,0.0,2128,0.021338,8,5.00
2026-10-07T23:02:24.189460+09:00,3.7871,17645,17644,0.0,18328,0.021338,5,5.00
2026-10-07T23:02:24.209889+09:00,3.8076,17644,17643,0.0,2128,0.020477,8,5.00
2026-10-07T23:02:24.210069+09:00,3.8076,17645,17644,0.0,18328,0.020477,5,5.00
2026-10-07T23:02:24.231005+09:00,3.8289,17644,17643,0.0,2128,0.021306,8,5.00
2026-10-07T23:02:24.231130+09:00,3.8289,17645,17644,0.0,18328,0.021306,5,5.00
2026-10-07T23:02:24.250242+09:00,3.8491,17644,17643,0.0,2128,0.020204,8,5.00
2026-10-07T23:02:24.250346+09:00,3.8491,17645,17644,0.0,18328,0.020204,5,5.00
2026-10-07T23:02:24.271008+09:00,3.8698,17644,17643,0.0,2128,0.020712,8,5.00
2026-10-07T23:02:24.271112+09:00,3.8698,17645,17644,0.0,18328,0.020712,5,5.00
2026-10-07T23:02:24.293154+09:00,3.891,17644,17643,0.0,2128,0.0212,8,5.00
2026-10-07T23:02:24.293291+09:00,3.891,17645,17644,0.0,18328,0.0212,5,5.00
2026-10-07T23:02:24.313421+09:00,3.9113,17644,17643,0.0,2128,0.020285,8,5.00
2026-10-07T23:02:24.313557+09:00,3.9113,17645,17644,0.0,18328,0.020285,5,5.00
2026-10-07T23:02:24.334611+09:00,3.9326,17644,17643,0.0,2128,0.021302,8,5.00
2026-10-07T23:02:24.334736+09:00,3.9326,17645,17644,0.0,18328,0.021302,5,5.00
2026-10-07T23:02:24.356085+09:00,3.954,17644,17643,0.0,2128,0.021326,8,5.00
2026-10-07T23:02:24.356222+09:00,3.954,17645,17644,0.0,18328,0.021326,5,5.00
2026-10-07T23:02:24.377283+09:00,3.9751,17644,17643,0.0,2128,0.021192,8,5.00
2026-10-07T23:02:24.377419+09:00,3.9751,17645,17644,0.0,18328,0.021192,5,5.00
2026-10-07T23:02:24.398494+09:00,3.9964,17644,17643,0.0,2128,0.021303,8,5.00
2026-10-07T23:02:24.398619+09:00,3.9964,17645,17644,0.0,18328,0.021303,5,5.00
2026-10-07T23:02:24.419903+09:00,4.0178,17644,17643,0.0,2128,0.021324,8,5.00
2026-10-07T23:02:24.420081+09:00,4.0178,17645,17644,0.0,18328,0.021324,5,5.00
2026-10-07T23:02:24.440064+09:00,4.038,17644,17643,0.0,2128,0.020228,8,5.00
2026-10-07T23:02:24.440197+09:00,4.038,17645,17644,0.0,18328,0.020228,5,5.00
2026-10-07T23:02:24.461406+09:00,4.0593,17644,17643,0.0,2128,0.02133,8,5.00
2026-10-07T23:02:24.461536+09:00,4.0593,17645,17644,0.0,18328,0.02133,5,5.00
2026-10-07T23:02:24.482773+09:00,4.0807,17644,17643,0.0,2128,0.02133,8,5.00
2026-10-07T23:02:24.482957+09:00,4.0807,17645,17644,0.0,18328,0.02133,5,5.00
2026-10-07T23:02:24.504144+09:00,4.102,17644,17643,0.0,2128,0.021347,8,5.00
2026-10-07T23:02:24.504290+09:00,4.102,17645,17644,0.0,18328,0.021347,5,5.00
2026-10-07T23:02:24.525503+09:00,4.1234,17644,17643,0.0,2128,0.021348,8,5.00
2026-10-07T23:02:24.525641+09:00,4.1234,17645,17644,0.0,18328,0.021348,5,5.00
2026-10-07T23:02:24.545380+09:00,4.1436,17644,17643,0.0,2128,0.020209,8,5.00
2026-10-07T23:02:24.545491+09:00,4.1436,17645,17644,0.0,18328,0.020209,5,5.00
2026-10-07T23:02:24.566842+09:00,4.1649,17644,17643,0.0,2128,0.0213,8,5.00
2026-10-07T23:02:24.567018+09:00,4.1649,17645,17644,0.0,18328,0.0213,5,5.00
2026-10-07T23:02:24.588281+09:00,4.1862,17644,17643,0.0,2128,0.021326,8,5.00
2026-10-07T23:02:24.588416+09:00,4.1862,17645,17644,0.0,18328,0.021326,5,5.00
2026-10-07T23:02:24.609737+09:00,4.2075,17644,17643,0.0,2128,0.021314,8,5.00
2026-10-07T23:02:24.609878+09:00,4.2075,17645,17644,0.0,18328,0.021314,5,5.00
2026-10-07T23:02:24.630822+09:00,4.2288,17644,17643,0.0,2128,0.021303,8,5.00
2026-10-07T23:02:24.630997+09:00,4.2288,17645,17644,0.0,18328,0.021303,5,5.00
2026-10-07T23:02:24.652203+09:00,4.2501,17644,17643,0.0,2128,0.021325,8,5.00
2026-10-07T23:02:24.652338+09:00,4.2501,17645,17644,0.0,18328,0.021325,5,5.00
2026-10-07T23:02:24.672378+09:00,4.2707,17644,17643,0.0,2128,0.02053,8,5.00
2026-10-07T23:02:24.672510+09:00,4.2707,17645,17644,0.0,18328,0.02053,5,5.00
2026-10-07T23:02:24.693150+09:00,4.2911,17644,17643,0.0,2128,0.020433,8,5.00
2026-10-07T23:02:24.693281+09:00,4.2911,17645,17644,0.0,18328,0.020433,5,5.00
2026-10-07T23:02:24.713455+09:00,4.3114,17644,17643,0.0,2128,0.020294,8,5.00
2026-10-07T23:02:24.713591+09:00,4.3114,17645,17644,0.0,18328,0.020294,5,5.00
2026-10-07T23:02:24.734729+09:00,4.3327,17644,17643,0.0,2128,0.021341,8,5.00
2026-10-07T23:02:24.734853+09:00,4.3327,17645,17644,0.0,18328,0.021341,5,5.00
2026-10-07T23:02:24.756175+09:00,4.3541,17644,17643,0.0,2128,0.021326,8,5.00
2026-10-07T23:02:24.756310+09:00,4.3541,17645,17644,0.0,18328,0.021326,5,5.00
2026-10-07T23:02:24.777396+09:00,4.3753,17644,17643,0.0,2128,0.021197,8,5.00
2026-10-07T23:02:24.777532+09:00,4.3753,17645,17644,0.0,18328,0.021197,5,5.00
2026-10-07T23:02:24.798659+09:00,4.3966,17644,17643,0.0,2128,0.021328,8,5.00
2026-10-07T23:02:24.798790+09:00,4.3966,17645,17644,0.0,18328,0.021328,5,5.00
2026-10-07T23:02:24.820120+09:00,4.4179,17644,17643,0.0,2128,0.021324,8,5.00
2026-10-07T23:02:24.820259+09:00,4.4179,17645,17644,0.0,18328,0.021324,5,5.00
2026-10-07T23:02:24.841354+09:00,4.4392,17644,17643,0.0,2128,0.021335,8,5.00
2026-10-07T23:02:24.841491+09:00,4.4392,17645,17644,0.0,18328,0.021335,5,5.00
2026-10-07T23:02:24.862222+09:00,4.4602,17644,17643,0.0,2128,0.020951,8,5.00
2026-10-07T23:02:24.862353+09:00,4.4602,17645,17644,0.0,18328,0.020951,5,5.00
2026-10-07T23:02:24.883679+09:00,4.4815,17644,17643,0.0,2128,0.021334,8,5.00
2026-10-07T23:02:24.883817+09:00,4.4815,17645,17644,0.0,18328,0.021334,5,5.00
2026-10-07T23:02:24.904619+09:00,4.5027,17644,17643,0.0,2128,0.021208,8,5.00
2026-10-07T23:02:24.904755+09:00,4.5027,17645,17644,0.0,18328,0.021208,5,5.00
2026-10-07T23:02:24.926157+09:00,4.5241,17644,17643,0.0,2128,0.02134,8,5.00
2026-10-07T23:02:24.926292+09:00,4.5241,17645,17644,0.0,18328,0.02134,5,5.00
2026-10-07T23:02:24.946793+09:00,4.5447,17644,17643,0.0,2128,0.020637,8,5.00
2026-10-07T23:02:24.946985+09:00,4.5447,17645,17644,0.0,18328,0.020637,5,5.00
2026-10-07T23:02:24.968028+09:00,4.5661,17644,17643,0.0,2128,0.02136,8,5.00
2026-10-07T23:02:24.968154+09:00,4.5661,17645,17644,0.0,18328,0.02136,5,5.00
2026-10-07T23:02:24.988634+09:00,4.5864,17644,17643,0.0,2128,0.020344,8,5.00
2026-10-07T23:02:24.988773+09:00,4.5864,17645,17644,0.0,18328,0.020344,5,5.00
2026-10-07T23:02:25.008267+09:00,4.6066,17644,17643,0.0,2128,0.020201,8,5.00
2026-10-07T23:02:25.008408+09:00,4.6066,17645,17644,0.0,18328,0.020201,5,5.00
2026-10-07T23:02:25.030194+09:00,4.628,17644,17643,0.0,2128,0.021393,8,5.00
2026-10-07T23:02:25.030333+09:00,4.628,17645,17644,0.0,18328,0.021393,5,5.00
2026-10-07T23:02:25.051351+09:00,4.6493,17644,17643,0.0,2128,0.021303,8,5.00
2026-10-07T23:02:25.051478+09:00,4.6493,17645,17644,0.0,18328,0.021303,5,5.00
2026-10-07T23:02:25.072246+09:00,4.6703,17644,17643,0.0,2128,0.021021,8,5.00
2026-10-07T23:02:25.072380+09:00,4.6703,17645,17644,0.0,18328,0.021021,5,5.00
2026-10-07T23:02:25.093356+09:00,4.6913,17644,17643,0.0,2128,0.02092,8,5.00
2026-10-07T23:02:25.093490+09:00,4.6913,17645,17644,0.0,18328,0.02092,5,5.00
2026-10-07T23:02:25.113723+09:00,4.7116,17644,17643,0.0,2128,0.020357,8,5.00
2026-10-07T23:02:25.113860+09:00,4.7116,17645,17644,0.0,18328,0.020357,5,5.00
2026-10-07T23:02:25.134963+09:00,4.7328,17644,17643,0.0,2128,0.021194,8,5.00
2026-10-07T23:02:25.135113+09:00,4.7328,17645,17644,0.0,18328,0.021194,5,5.00
2026-10-07T23:02:25.155189+09:00,4.7531,17644,17643,0.0,2128,0.020283,8,5.00
2026-10-07T23:02:25.155328+09:00,4.7531,17645,17644,0.0,18328,0.020283,5,5.00
2026-10-07T23:02:25.176362+09:00,4.7742,17644,17643,0.0,2128,0.021131,8,5.00
2026-10-07T23:02:25.176496+09:00,4.7742,17645,17644,0.0,18328,0.021131,5,5.00
2026-10-07T23:02:25.197028+09:00,4.7949,17644,17643,0.0,2128,0.02069,8,5.00
2026-10-07T23:02:25.197167+09:00,4.7949,17645,17644,0.0,18328,0.02069,5,5.00
2026-10-07T23:02:25.218214+09:00,4.8162,17644,17643,0.0,2128,0.021271,8,5.00
2026-10-07T23:02:25.218342+09:00,4.8162,17645,17644,0.0,18328,0.021271,5,5.00
2026-10-07T23:02:25.238403+09:00,4.8364,17644,17643,0.0,2128,0.020269,8,5.00
2026-10-07T23:02:25.238534+09:00,4.8364,17645,17644,0.0,18328,0.020269,5,5.00
2026-10-07T23:02:25.260034+09:00,4.8578,17644,17643,0.0,2128,0.021305,8,5.00
2026-10-07T23:02:25.260175+09:00,4.8578,17645,17644,0.0,18328,0.021305,5,5.00
2026-10-07T23:02:25.281079+09:00,4.8791,17644,17643,0.0,2128,0.021306,8,5.00
2026-10-07T23:02:25.281205+09:00,4.8791,17645,17644,0.0,18328,0.021306,5,5.00
2026-10-07T23:02:25.301566+09:00,4.8995,17644,17643,0.0,2128,0.020411,8,5.00
2026-10-07T23:02:25.301702+09:00,4.8995,17645,17644,0.0,18328,0.020411,5,5.00
2026-10-07T23:02:25.321791+09:00,4.9197,17644,17643,0.0,2128,0.020226,8,5.00
2026-10-07T23:02:25.321972+09:00,4.9197,17645,17644,0.0,18328,0.020226,5,5.00
2026-10-07T23:02:25.342165+09:00,4.9405,17644,17643,0.0,2128,0.02085,8,5.00
2026-10-07T23:02:25.342270+09:00,4.9405,17645,17644,0.0,18328,0.02085,5,5.00
2026-10-07T23:02:25.363849+09:00,4.9618,17644,17643,0.0,2128,0.0213,8,5.00
2026-10-07T23:02:25.364026+09:00,4.9618,17645,17644,0.0,18328,0.0213,5,5.00
2026-10-07T23:02:25.385289+09:00,4.9832,17644,17643,0.0,2128,0.021326,8,5.00
2026-10-07T23:02:25.385424+09:00,4.9832,17645,17644,0.0,18328,0.021326,5,5.00
2026-10-07T23:02:25.405736+09:00,5.0041,17644,17643,0.0,2128,0.020912,8,5.00
2026-10-07T23:02:25.405870+09:00,5.0041,17645,17644,0.0,18328,0.020912,5,5.00
2026-10-07T23:02:25.426644+09:00,5.0245,17644,17643,0.0,2128,0.020431,8,5.00
2026-10-07T23:02:25.426780+09:00,5.0245,17645,17644,0.0,18328,0.020431,5,5.00
2026-10-07T23:02:25.447091+09:00,5.0449,17644,17643,0.0,2128,0.020398,8,5.00
2026-10-07T23:02:25.447228+09:00,5.0449,17645,17644,0.0,18328,0.020398,5,5.00
2026-10-07T23:02:25.467847+09:00,5.0657,17644,17643,0.0,2128,0.020777,8,5.00
2026-10-07T23:02:25.468041+09:00,5.0657,17645,17644,0.0,18328,0.020777,5,5.00
2026-10-07T23:02:25.488659+09:00,5.0865,17644,17643,0.0,2128,0.020817,8,5.00
2026-10-07T23:02:25.488793+09:00,5.0865,17645,17644,0.0,18328,0.020817,5,5.00
2026-10-07T23:02:25.509871+09:00,5.1078,17644,17643,0.0,2128,0.021265,8,5.00
2026-10-07T23:02:25.510060+09:00,5.1078,17645,17644,0.0,18328,0.021265,5,5.00
2026-10-07T23:02:25.530250+09:00,5.1282,17644,17643,0.0,2128,0.020419,8,5.00
2026-10-07T23:02:25.530386+09:00,5.1282,17645,17644,0.0,18328,0.020419,5,5.00
2026-10-07T23:02:25.551499+09:00,5.1495,17644,17643,0.0,2128,0.021314,8,5.00
2026-10-07T23:02:25.551624+09:00,5.1495,17645,17644,0.0,18328,0.021314,5,5.00
2026-10-07T23:02:25.571716+09:00,5.1697,17644,17643,0.0,2128,0.020244,8,5.00
2026-10-07T23:02:25.571850+09:00,5.1697,17645,17644,0.0,18328,0.020244,5,5.00
2026-10-07T23:02:25.593380+09:00,5.1911,17644,17643,0.0,2128,0.021329,8,5.00
2026-10-07T23:02:25.593521+09:00,5.1911,17645,17644,0.0,18328,0.021329,5,5.00
2026-10-07T23:02:25.613533+09:00,5.2121,17644,17643,0.0,2128,0.021,8,5.00
2026-10-07T23:02:25.613723+09:00,5.2121,17645,17644,0.0,18328,0.021,5,5.00
2026-10-07T23:02:25.635594+09:00,5.2334,17644,17643,0.0,2128,0.021353,8,5.00
2026-10-07T23:02:25.635731+09:00,5.2334,17645,17644,0.0,18328,0.021353,5,5.00
2026-10-07T23:02:25.655683+09:00,5.2541,17644,17643,0.0,2128,0.020635,8,5.00
2026-10-07T23:02:25.655818+09:00,5.2541,17645,17644,0.0,18328,0.020635,5,5.00
2026-10-07T23:02:25.676818+09:00,5.2748,17644,17643,0.0,2128,0.020686,8,5.00
2026-10-07T23:02:25.677001+09:00,5.2748,17645,17644,0.0,18328,0.020686,5,5.00
2026-10-07T23:02:25.696376+09:00,5.2952,17644,17643,0.0,2128,0.020412,8,12.60
2026-10-07T23:02:25.696483+09:00,5.2952,17645,17644,0.0,18328,0.020412,5,12.60
2026-10-07T23:02:25.718478+09:00,5.3165,17644,17643,0.0,2128,0.021292,8,12.60
2026-10-07T23:02:25.718601+09:00,5.3165,17645,17644,46.966,18328,0.021292,6,12.60
2026-10-07T23:02:25.738911+09:00,5.3372,17644,17643,0.0,2128,0.020737,8,12.60
2026-10-07T23:02:25.739083+09:00,5.3372,17645,17644,0.0,18328,0.020737,6,12.60
2026-10-07T23:02:25.760332+09:00,5.3582,17644,17643,0.0,2128,0.020969,8,12.60
2026-10-07T23:02:25.760470+09:00,5.3582,17645,17644,0.0,18328,0.020969,6,12.60
2026-10-07T23:02:25.781542+09:00,5.3795,17644,17643,0.0,2128,0.02131,8,12.60
2026-10-07T23:02:25.781670+09:00,5.3795,17645,17644,0.0,18328,0.02131,6,12.60
2026-10-07T23:02:25.802991+09:00,5.4008,17644,17643,0.0,2128,0.021338,8,12.60
2026-10-07T23:02:25.803136+09:00,5.4008,17645,17644,0.0,18328,0.021338,6,12.60
2026-10-07T23:02:25.822513+09:00,5.421,17644,17643,0.0,2128,0.020173,8,12.60
2026-10-07T23:02:25.822646+09:00,5.421,17645,17644,0.0,18328,0.020173,6,12.60
2026-10-07T23:02:25.843527+09:00,5.4415,17644,17643,0.0,2128,0.02047,8,12.60
2026-10-07T23:02:25.843657+09:00,5.4415,17645,17644,0.0,18328,0.02047,6,12.60
2026-10-07T23:02:25.863778+09:00,5.4617,17644,17643,0.0,2128,0.020248,8,12.60
2026-10-07T23:02:25.863960+09:00,5.4617,17645,17644,0.0,18328,0.020248,6,12.60
2026-10-07T23:02:25.885033+09:00,5.483,17644,17643,0.0,2128,0.021308,8,12.60
2026-10-07T23:02:25.885161+09:00,5.483,17645,17644,0.0,18328,0.021308,6,12.60
2026-10-07T23:02:25.905282+09:00,5.5032,17644,17643,0.0,2128,0.020228,8,12.60
2026-10-07T23:02:25.905414+09:00,5.5032,17645,17644,0.0,18328,0.020228,6,12.60
2026-10-07T23:02:25.926876+09:00,5.5245,17644,17643,0.0,2128,0.021306,8,12.60
2026-10-07T23:02:25.927067+09:00,5.5245,17645,17644,0.0,18328,0.021306,6,12.60
2026-10-07T23:02:25.947844+09:00,5.5458,17644,17643,0.0,2128,0.0213,8,12.60
2026-10-07T23:02:25.948023+09:00,5.5458,17645,17644,0.0,18328,0.0213,6,12.60
2026-10-07T23:02:25.969244+09:00,5.5672,17644,17643,0.0,2128,0.021322,8,12.60
2026-10-07T23:02:25.969378+09:00,5.5672,17645,17644,0.0,18328,0.021322,6,12.60
2026-10-07T23:02:25.990032+09:00,5.5881,17644,17643,0.0,2128,0.02089,8,12.60
2026-10-07T23:02:25.990157+09:00,5.5881,17645,17644,0.0,18328,0.02089,6,12.60
2026-10-07T23:02:26.011144+09:00,5.6093,17644,17643,0.0,2128,0.021199,8,12.60
2026-10-07T23:02:26.011282+09:00,5.6093,17645,17644,0.0,18328,0.021199,6,12.60
2026-10-07T23:02:26.032691+09:00,5.6306,17644,17643,0.0,2128,0.021334,8,12.60
2026-10-07T23:02:26.032826+09:00,5.6306,17645,17644,0.0,18328,0.021334,6,12.60
2026-10-07T23:02:26.053992+09:00,5.6519,17644,17643,0.0,2128,0.021343,8,12.60
2026-10-07T23:02:26.054120+09:00,5.6519,17645,17644,0.0,18328,0.021343,6,12.60
2026-10-07T23:02:26.075451+09:00,5.6732,17644,17643,0.0,2128,0.021311,8,12.60
2026-10-07T23:02:26.075593+09:00,5.6732,17645,17644,0.0,18328,0.021311,6,12.60
2026-10-07T23:02:26.095271+09:00,5.6934,17644,17643,0.0,2128,0.020195,8,12.60
2026-10-07T23:02:26.095409+09:00,5.6934,17645,17644,0.0,18328,0.020195,6,12.60
2026-10-07T23:02:26.116736+09:00,5.7147,17644,17643,0.0,2128,0.021266,8,12.60
2026-10-07T23:02:26.116865+09:00,5.7147,17645,17644,0.0,18328,0.021266,6,12.60
2026-10-07T23:02:26.137241+09:00,5.7353,17644,17643,0.0,2128,0.020566,8,12.60
2026-10-07T23:02:26.137379+09:00,5.7353,17645,17644,0.0,18328,0.020566,6,12.60
2026-10-07T23:02:26.158748+09:00,5.7566,17644,17643,0.0,2128,0.021328,8,12.60
2026-10-07T23:02:26.158898+09:00,5.7566,17645,17644,0.0,18328,0.021328,6,12.60
2026-10-07T23:02:26.180026+09:00,5.7779,17644,17643,0.0,2128,0.021307,8,12.60
2026-10-07T23:02:26.180156+09:00,5.7779,17645,17644,0.0,18328,0.021307,6,12.60
2026-10-07T23:02:26.201382+09:00,5.7993,17644,17643,0.0,2128,0.021361,8,12.60
2026-10-07T23:02:26.201515+09:00,5.7993,17645,17644,0.0,18328,0.021361,6,12.60
2026-10-07T23:02:26.222398+09:00,5.8205,17644,17643,0.0,2128,0.021189,8,12.60
2026-10-07T23:02:26.222531+09:00,5.8205,17645,17644,0.0,18328,0.021189,6,12.60
2026-10-07T23:02:26.243635+09:00,5.8416,17644,17643,0.0,2128,0.021117,8,12.60
2026-10-07T23:02:26.243768+09:00,5.8416,17645,17644,0.0,18328,0.021117,6,12.60
2026-10-07T23:02:26.264433+09:00,5.8628,17644,17643,0.0,2128,0.021256,8,12.60
2026-10-07T23:02:26.264550+09:00,5.8628,17645,17644,0.0,18328,0.021256,6,12.60
2026-10-07T23:02:26.286177+09:00,5.8841,17644,17643,0.0,2128,0.021301,8,12.60
2026-10-07T23:02:26.286309+09:00,5.8841,17645,17644,0.0,18328,0.021301,6,12.60
2026-10-07T23:02:26.306091+09:00,5.9044,17644,17643,0.0,2128,0.02027,8,12.60
2026-10-07T23:02:26.306224+09:00,5.9044,17645,17644,0.0,18328,0.02027,6,12.60
2026-10-07T23:02:26.327186+09:00,5.9249,17644,17643,0.0,2128,0.020518,8,12.60
2026-10-07T23:02:26.327325+09:00,5.9249,17645,17644,0.0,18328,0.020518,6,12.60
2026-10-07T23:02:26.348249+09:00,5.9462,17644,17643,0.0,2128,0.021304,8,12.60
2026-10-07T23:02:26.348376+09:00,5.9462,17645,17644,0.0,18328,0.021304,6,12.60
2026-10-07T23:02:26.369511+09:00,5.9675,17644,17643,0.0,2128,0.021249,8,12.60
2026-10-07T23:02:26.369890+09:00,5.9675,17645,17644,0.0,18328,0.021249,6,12.60
2026-10-07T23:02:26.389587+09:00,5.9877,17644,17643,0.0,2128,0.020259,8,12.60
2026-10-07T23:02:26.389721+09:00,5.9877,17645,17644,0.0,18328,0.020259,6,12.60
2026-10-07T23:02:26.410239+09:00,6.0082,17644,17643,0.0,2128,0.020457,8,12.60
2026-10-07T23:02:26.410373+09:00,6.0082,17645,17644,0.0,18328,0.020457,6,12.60
2026-10-07T23:02:26.429876+09:00,6.0284,17644,17643,0.0,2128,0.020198,8,12.60
2026-10-07T23:02:26.430064+09:00,6.0284,17645,17644,0.0,18328,0.020198,6,12.60
2026-10-07T23:02:26.451681+09:00,6.0497,17644,17643,0.0,2128,0.021301,8,12.60
2026-10-07T23:02:26.451806+09:00,6.0497,17645,17644,0.0,18328,0.021301,6,12.60
2026-10-07T23:02:26.470886+09:00,6.0699,17644,17643,0.0,2128,0.020177,8,12.60
2026-10-07T23:02:26.471023+09:00,6.0699,17645,17644,0.0,18328,0.020177,6,12.60
2026-10-07T23:02:26.491619+09:00,6.09,17644,17643,0.0,2128,0.020178,8,12.60
2026-10-07T23:02:26.491731+09:00,6.09,17645,17644,0.0,18328,0.020178,6,12.60
2026-10-07T23:02:26.513448+09:00,6.1114,17644,17643,0.0,2128,0.02133,8,12.60
2026-10-07T23:02:26.513581+09:00,6.1114,17645,17644,0.0,18328,0.02133,6,12.60
2026-10-07T23:02:26.534685+09:00,6.1327,17644,17643,0.0,2128,0.021304,8,12.60
2026-10-07T23:02:26.534808+09:00,6.1327,17645,17644,0.0,18328,0.021304,6,12.60
2026-10-07T23:02:26.555782+09:00,6.1539,17644,17643,0.0,2128,0.021208,8,12.60
2026-10-07T23:02:26.556002+09:00,6.1539,17645,17644,0.0,18328,0.021208,6,12.60
2026-10-07T23:02:26.576754+09:00,6.1746,17644,17643,0.0,2128,0.020737,8,12.60
2026-10-07T23:02:26.576898+09:00,6.1746,17645,17644,0.0,18328,0.020737,6,12.60
2026-10-07T23:02:26.597137+09:00,6.1951,17644,17643,0.0,2128,0.020455,8,12.60
2026-10-07T23:02:26.597270+09:00,6.1951,17645,17644,0.0,18328,0.020455,6,12.60
2026-10-07T23:02:26.618381+09:00,6.2164,17644,17643,0.0,2128,0.0213,8,12.60
2026-10-07T23:02:26.618506+09:00,6.2164,17645,17644,0.0,18328,0.0213,6,12.60
2026-10-07T23:02:26.638741+09:00,6.2366,17644,17643,0.0,2128,0.020261,8,12.60
2026-10-07T23:02:26.638874+09:00,6.2366,17645,17644,0.0,18328,0.020261,6,12.60
2026-10-07T23:02:26.660327+09:00,6.2579,17644,17643,0.0,2128,0.021232,8,12.60
2026-10-07T23:02:26.660469+09:00,6.2579,17645,17644,0.0,18328,0.021232,6,12.60
2026-10-07T23:02:26.681209+09:00,6.2792,17644,17643,0.0,2128,0.021306,8,12.60
2026-10-07T23:02:26.681336+09:00,6.2792,17645,17644,0.0,18328,0.021306,6,12.60
2026-10-07T23:02:26.701718+09:00,6.2996,17644,17643,0.0,2128,0.020411,8,12.60
2026-10-07T23:02:26.701854+09:00,6.2996,17645,17644,0.0,18328,0.020411,6,12.60
2026-10-07T23:02:26.722059+09:00,6.3201,17644,17643,0.0,2128,0.0205,8,12.60
2026-10-07T23:02:26.722184+09:00,6.3201,17645,17644,0.0,18328,0.0205,6,12.60
2026-10-07T23:02:26.743661+09:00,6.3414,17644,17643,0.0,2128,0.021286,8,12.60
2026-10-07T23:02:26.743797+09:00,6.3414,17645,17644,0.0,18328,0.021286,6,12.60
2026-10-07T23:02:26.763821+09:00,6.3617,17644,17643,0.0,2128,0.020333,8,12.60
2026-10-07T23:02:26.764011+09:00,6.3617,17645,17644,0.0,18328,0.020333,6,12.60
2026-10-07T23:02:26.785022+09:00,6.383,17644,17643,0.0,2128,0.021324,8,12.60
2026-10-07T23:02:26.785151+09:00,6.383,17645,17644,0.0,18328,0.021324,6,12.60
2026-10-07T23:02:26.805422+09:00,6.4033,17644,17643,0.0,2128,0.020294,8,12.60
2026-10-07T23:02:26.805556+09:00,6.4033,17645,17644,0.0,18328,0.020294,6,12.60
2026-10-07T23:02:26.827098+09:00,6.4247,17644,17643,0.0,2128,0.021346,8,12.60
2026-10-07T23:02:26.827238+09:00,6.4247,17645,17644,0.0,18328,0.021346,6,12.60
2026-10-07T23:02:26.848086+09:00,6.446,17644,17643,0.0,2128,0.021337,8,12.60
2026-10-07T23:02:26.848215+09:00,6.446,17645,17644,0.0,18328,0.021337,6,12.60
2026-10-07T23:02:26.869319+09:00,6.4673,17644,17643,0.0,2128,0.021266,8,12.60
2026-10-07T23:02:26.869447+09:00,6.4673,17645,17644,0.0,18328,0.021266,6,12.60
2026-10-07T23:02:26.889640+09:00,6.4877,17644,17643,0.0,2128,0.02039,8,12.60
2026-10-07T23:02:26.889776+09:00,6.4877,17645,17644,0.0,18328,0.02039,6,12.60
2026-10-07T23:02:26.910512+09:00,6.5084,17644,17643,0.0,2128,0.020775,8,12.60
2026-10-07T23:02:26.910641+09:00,6.5084,17645,17644,0.0,18328,0.020775,6,12.60
2026-10-07T23:02:26.930705+09:00,6.5286,17644,17643,0.0,2128,0.0202,8,12.60
2026-10-07T23:02:26.930839+09:00,6.5286,17645,17644,0.0,18328,0.0202,6,12.60
2026-10-07T23:02:26.951917+09:00,6.5499,17644,17643,0.0,2128,0.0213,8,12.60
2026-10-07T23:02:26.952081+09:00,6.5499,17645,17644,0.0,18328,0.0213,6,12.60
2026-10-07T23:02:26.972565+09:00,6.5705,17644,17643,0.0,2128,0.020546,8,12.60
2026-10-07T23:02:26.972696+09:00,6.5705,17645,17644,0.0,18328,0.020546,6,12.60
2026-10-07T23:02:26.994066+09:00,6.5918,17644,17643,0.0,2128,0.021274,8,12.60
2026-10-07T23:02:26.994203+09:00,6.5918,17645,17644,0.0,18328,0.021274,6,12.60
2026-10-07T23:02:27.015163+09:00,6.6131,17644,17643,0.0,2128,0.021335,8,12.60
2026-10-07T23:02:27.015295+09:00,6.6131,17645,17644,0.0,18328,0.021335,6,12.60
2026-10-07T23:02:27.036541+09:00,6.6344,17644,17643,0.0,2128,0.02133,8,12.60
2026-10-07T23:02:27.036676+09:00,6.6344,17645,17644,0.0,18328,0.02133,6,12.60
2026-10-07T23:02:27.056494+09:00,6.6546,17644,17643,0.0,2128,0.020182,8,12.60
2026-10-07T23:02:27.056626+09:00,6.6546,17645,17644,0.0,18328,0.020182,6,12.60
2026-10-07T23:02:27.077139+09:00,6.6751,17644,17643,0.0,2128,0.020503,8,12.60
2026-10-07T23:02:27.077269+09:00,6.6751,17645,17644,0.0,18328,0.020503,6,12.60
2026-10-07T23:02:27.097343+09:00,6.6953,17644,17643,0.0,2128,0.020187,8,12.60
2026-10-07T23:02:27.097477+09:00,6.6953,17645,17644,0.0,18328,0.020187,6,12.60
2026-10-07T23:02:27.118620+09:00,6.7166,17644,17643,0.0,2128,0.021303,8,12.60
2026-10-07T23:02:27.118747+09:00,6.7166,17645,17644,0.0,18328,0.021303,6,12.60
2026-10-07T23:02:27.139204+09:00,6.7368,17644,17643,0.0,2128,0.020168,8,12.60
2026-10-07T23:02:27.139344+09:00,6.7368,17645,17644,0.0,18328,0.020168,6,12.60
2026-10-07T23:02:27.158393+09:00,6.7569,17644,17643,0.0,2128,0.020158,8,12.60
2026-10-07T23:02:27.158507+09:00,6.7569,17645,17644,0.0,18328,0.020158,6,12.60
2026-10-07T23:02:27.180382+09:00,6.7783,17644,17643,0.0,2128,0.021337,8,12.60
2026-10-07T23:02:27.180519+09:00,6.7783,17645,17644,0.0,18328,0.021337,6,12.60
2026-10-07T23:02:27.201595+09:00,6.7995,17644,17643,0.0,2128,0.021223,8,12.60
2026-10-07T23:02:27.201729+09:00,6.7995,17645,17644,0.0,18328,0.021223,6,12.60
2026-10-07T23:02:27.222490+09:00,6.8206,17644,17643,0.0,2128,0.02115,8,12.60
2026-10-07T23:02:27.222624+09:00,6.8206,17645,17644,0.0,18328,0.02115,6,12.60
2026-10-07T23:02:27.243561+09:00,6.8414,17644,17643,0.0,2128,0.020818,8,12.60
2026-10-07T23:02:27.243694+09:00,6.8414,17645,17644,0.0,18328,0.020818,6,12.60
2026-10-07T23:02:27.264060+09:00,6.8619,17644,17643,0.0,2128,0.020477,8,12.60
2026-10-07T23:02:27.264196+09:00,6.8619,17645,17644,0.0,18328,0.020477,6,12.60
2026-10-07T23:02:27.285258+09:00,6.8832,17644,17643,0.0,2128,0.021302,8,12.60
2026-10-07T23:02:27.285385+09:00,6.8832,17645,17644,0.0,18328,0.021302,6,12.60
2026-10-07T23:02:27.306060+09:00,6.9043,17644,17643,0.0,2128,0.021118,8,12.60
2026-10-07T23:02:27.306192+09:00,6.9043,17645,17644,0.0,18328,0.021118,6,12.60
2026-10-07T23:02:27.327304+09:00,6.9251,17644,17643,0.0,2128,0.020767,8,12.60
2026-10-07T23:02:27.327442+09:00,6.9251,17645,17644,0.0,18328,0.020767,6,12.60
2026-10-07T23:02:27.348451+09:00,6.9464,17644,17643,0.0,2128,0.021304,8,12.60
2026-10-07T23:02:27.348576+09:00,6.9464,17645,17644,0.0,18328,0.021304,6,12.60
2026-10-07T23:02:27.369941+09:00,6.9677,17644,17643,0.0,2128,0.021297,8,12.60
2026-10-07T23:02:27.370106+09:00,6.9677,17645,17644,0.0,18328,0.021297,6,12.60
2026-10-07T23:02:27.389563+09:00,6.9879,17644,17643,0.0,2128,0.02018,8,12.60
2026-10-07T23:02:27.389697+09:00,6.9879,17645,17644,0.0,18328,0.02018,6,12.60
2026-10-07T23:02:27.410651+09:00,7.0086,17644,17643,0.0,2128,0.020684,8,12.60
2026-10-07T23:02:27.410783+09:00,7.0086,17645,17644,0.0,18328,0.020684,6,12.60
2026-10-07T23:02:27.431202+09:00,7.0296,17644,17643,0.0,2128,0.020983,8,12.60
2026-10-07T23:02:27.431332+09:00,7.0296,17645,17644,0.0,18328,0.020983,6,12.60
2026-10-07T23:02:27.453079+09:00,7.0509,17644,17643,0.0,2128,0.021331,8,12.60
2026-10-07T23:02:27.453219+09:00,7.0509,17645,17644,0.0,18328,0.021331,6,12.60
2026-10-07T23:02:27.472880+09:00,7.0711,17644,17643,0.0,2128,0.020223,8,12.60
2026-10-07T23:02:27.473069+09:00,7.0711,17645,17644,0.0,18328,0.020223,6,12.60
2026-10-07T23:02:27.492865+09:00,7.0918,17644,17643,0.0,2128,0.020691,8,12.60
2026-10-07T23:02:27.493009+09:00,7.0918,17645,17644,0.0,18328,0.020691,6,12.60
2026-10-07T23:02:27.514159+09:00,7.1121,17644,17643,0.0,2128,0.020245,8,12.60
2026-10-07T23:02:27.514296+09:00,7.1121,17645,17644,0.0,18328,0.020245,6,12.60
2026-10-07T23:02:27.535508+09:00,7.1334,17644,17643,0.0,2128,0.021329,8,12.60
2026-10-07T23:02:27.535644+09:00,7.1334,17645,17644,0.0,18328,0.021329,6,12.60
2026-10-07T23:02:27.555799+09:00,7.1539,17644,17643,0.0,2128,0.020567,8,12.60
2026-10-07T23:02:27.555979+09:00,7.1539,17645,17644,0.0,18328,0.020567,6,12.60
2026-10-07T23:02:27.577309+09:00,7.1752,17644,17643,0.0,2128,0.021295,8,12.60
2026-10-07T23:02:27.577438+09:00,7.1752,17645,17644,0.0,18328,0.021295,6,12.60
2026-10-07T23:02:27.598667+09:00,7.1966,17644,17643,0.0,2128,0.021332,8,12.60
2026-10-07T23:02:27.598801+09:00,7.1966,17645,17644,0.0,18328,0.021332,6,12.60
2026-10-07T23:02:27.619854+09:00,7.2179,17644,17643,0.0,2128,0.021302,8,12.60
2026-10-07T23:02:27.620033+09:00,7.2179,17645,17644,0.0,18328,0.021302,6,12.60
2026-10-07T23:02:27.639679+09:00,7.2381,17644,17643,0.0,2128,0.020241,8,12.60
2026-10-07T23:02:27.639810+09:00,7.2381,17645,17644,0.0,18328,0.020241,6,12.60
2026-10-07T23:02:27.660800+09:00,7.2586,17644,17643,0.0,2128,0.020471,8,12.60
2026-10-07T23:02:27.660965+09:00,7.2586,17645,17644,0.0,18328,0.020471,6,12.60
2026-10-07T23:02:27.681865+09:00,7.2799,17644,17643,0.0,2128,0.021286,8,12.60
2026-10-07T23:02:27.682040+09:00,7.2799,17645,17644,0.0,18328,0.021286,6,12.60
2026-10-07T23:02:27.703188+09:00,7.3012,17644,17643,0.0,2128,0.0213,8,12.60
2026-10-07T23:02:27.703318+09:00,7.3012,17645,17644,0.0,18328,0.0213,6,12.60
2026-10-07T23:02:27.723646+09:00,7.3217,17644,17643,0.0,2128,0.02053,8,12.60
2026-10-07T23:02:27.723781+09:00,7.3217,17645,17644,0.0,18328,0.02053,6,12.60
2026-10-07T23:02:27.744077+09:00,7.342,17644,17643,0.0,2128,0.020323,8,12.60
2026-10-07T23:02:27.744210+09:00,7.342,17645,17644,0.0,18328,0.020323,6,12.60
2026-10-07T23:02:27.765484+09:00,7.3634,17644,17643,0.0,2128,0.021329,8,12.60
2026-10-07T23:02:27.765620+09:00,7.3634,17645,17644,0.0,18328,0.021329,6,12.60
2026-10-07T23:02:27.786711+09:00,7.3847,17644,17643,0.0,2128,0.021306,8,12.60
2026-10-07T23:02:27.786840+09:00,7.3847,17645,17644,0.0,18328,0.021306,6,12.60
2026-10-07T23:02:27.806396+09:00,7.4049,17644,17643,0.0,2128,0.020241,8,12.60
2026-10-07T23:02:27.806528+09:00,7.4049,17645,17644,0.0,18328,0.020241,6,12.60
2026-10-07T23:02:27.827486+09:00,7.4251,17644,17643,0.0,2128,0.020239,8,12.60
2026-10-07T23:02:27.827623+09:00,7.4251,17645,17644,0.0,18328,0.020239,6,12.60
2026-10-07T23:02:27.848504+09:00,7.4464,17644,17643,0.0,2128,0.021307,8,12.60
2026-10-07T23:02:27.848628+09:00,7.4464,17645,17644,0.0,18328,0.021307,6,12.60
2026-10-07T23:02:27.869873+09:00,7.4678,17644,17643,0.0,2128,0.021333,8,12.60
2026-10-07T23:02:27.870061+09:00,7.4678,17645,17644,0.0,18328,0.021333,6,12.60
2026-10-07T23:02:27.889669+09:00,7.4882,17644,17643,0.0,2128,0.020417,8,12.60
2026-10-07T23:02:27.889802+09:00,7.4882,17645,17644,0.0,18328,0.020417,6,12.60
2026-10-07T23:02:27.911064+09:00,7.5089,17644,17643,0.0,2128,0.020732,8,12.60
2026-10-07T23:02:27.911199+09:00,7.5089,17645,17644,0.0,18328,0.020732,6,12.60
2026-10-07T23:02:27.932397+09:00,7.5303,17644,17643,0.0,2128,0.02133,8,12.60
2026-10-07T23:02:27.932535+09:00,7.5303,17645,17644,0.0,18328,0.02133,6,12.60
2026-10-07T23:02:27.953578+09:00,7.5515,17644,17643,0.0,2128,0.021289,8,12.60
2026-10-07T23:02:27.953705+09:00,7.5515,17645,17644,0.0,18328,0.021289,6,12.60
2026-10-07T23:02:27.975091+09:00,7.5729,17644,17643,0.0,2128,0.021336,8,12.60
2026-10-07T23:02:27.975233+09:00,7.5729,17645,17644,0.0,18328,0.021336,6,12.60
2026-10-07T23:02:27.995624+09:00,7.5941,17644,17643,0.0,2128,0.021189,8,12.60
2026-10-07T23:02:27.995761+09:00,7.5941,17645,17644,0.0,18328,0.021189,6,12.60
2026-10-07T23:02:28.017093+09:00,7.6154,17644,17643,0.0,2128,0.021374,8,12.60
2026-10-07T23:02:28.017215+09:00,7.6154,17645,17644,0.0,18328,0.021374,6,12.60
2026-10-07T23:02:28.038367+09:00,7.6362,17644,17643,0.0,2128,0.020756,8,12.60
2026-10-07T23:02:28.038507+09:00,7.6362,17645,17644,0.0,18328,0.020756,6,12.60
2026-10-07T23:02:28.058353+09:00,7.6565,17644,17643,0.0,2128,0.020311,8,12.60
2026-10-07T23:02:28.058469+09:00,7.6565,17645,17644,0.0,18328,0.020311,6,12.60
2026-10-07T23:02:28.080114+09:00,7.6779,17644,17643,0.0,2128,0.021336,8,12.60
2026-10-07T23:02:28.080253+09:00,7.6779,17645,17644,0.0,18328,0.021336,6,12.60
2026-10-07T23:02:28.101315+09:00,7.6992,17644,17643,0.0,2128,0.021357,8,12.60
2026-10-07T23:02:28.101454+09:00,7.6992,17645,17644,0.0,18328,0.021357,6,12.60
2026-10-07T23:02:28.121651+09:00,7.7195,17644,17643,0.0,2128,0.02032,8,12.60
2026-10-07T23:02:28.121790+09:00,7.7195,17645,17644,0.0,18328,0.02032,6,12.60
2026-10-07T23:02:28.142071+09:00,7.7399,17644,17643,0.0,2128,0.020337,8,12.60
2026-10-07T23:02:28.142208+09:00,7.7399,17645,17644,0.0,18328,0.020337,6,12.60
2026-10-07T23:02:28.161323+09:00,7.76,17644,17643,0.0,2128,0.020172,8,12.60
2026-10-07T23:02:28.161460+09:00,7.76,17645,17644,0.0,18328,0.020172,6,12.60
2026-10-07T23:02:28.183368+09:00,7.7813,17644,17643,0.0,2128,0.021306,8,12.60
2026-10-07T23:02:28.183490+09:00,7.7813,17645,17644,0.0,18328,0.021306,6,12.60
2026-10-07T23:02:28.204809+09:00,7.8027,17644,17643,0.0,2128,0.021363,8,12.60
2026-10-07T23:02:28.204999+09:00,7.8027,17645,17644,0.0,18328,0.021363,6,12.60
2026-10-07T23:02:28.226123+09:00,7.824,17644,17643,0.0,2128,0.021334,8,12.60
2026-10-07T23:02:28.226267+09:00,7.824,17645,17644,0.0,18328,0.021334,6,12.60
2026-10-07T23:02:28.246015+09:00,7.8448,17644,17643,0.0,2128,0.020735,8,12.60
2026-10-07T23:02:28.246128+09:00,7.8448,17645,17644,0.0,18328,0.020735,6,12.60
2026-10-07T23:02:28.268232+09:00,7.8661,17644,17643,0.0,2128,0.021329,8,12.60
2026-10-07T23:02:28.268370+09:00,7.8661,17645,17644,0.0,18328,0.021329,6,12.60
2026-10-07T23:02:28.289022+09:00,7.8869,17644,17643,0.0,2128,0.02082,8,12.60
2026-10-07T23:02:28.289158+09:00,7.8869,17645,17644,0.0,18328,0.02082,6,12.60
2026-10-07T23:02:28.310415+09:00,7.9082,17644,17643,0.0,2128,0.021298,8,12.60
2026-10-07T23:02:28.310548+09:00,7.9082,17645,17644,0.0,18328,0.021298,6,12.60
2026-10-07T23:02:28.330629+09:00,7.9285,17644,17643,0.0,2128,0.020303,8,12.60
2026-10-07T23:02:28.330763+09:00,7.9285,17645,17644,0.0,18328,0.020303,6,12.60
2026-10-07T23:02:28.351801+09:00,7.9498,17644,17643,0.0,2128,0.021301,8,12.60
2026-10-07T23:02:28.351974+09:00,7.9498,17645,17644,0.0,18328,0.021301,6,12.60
2026-10-07T23:02:28.372180+09:00,7.9702,17644,17643,0.0,2128,0.020384,8,12.60
2026-10-07T23:02:28.372310+09:00,7.9702,17645,17644,0.0,18328,0.020384,6,12.60
2026-10-07T23:02:28.393691+09:00,7.9915,17644,17643,0.0,2128,0.021326,8,12.60
2026-10-07T23:02:28.393829+09:00,7.9915,17645,17644,0.0,18328,0.021326,6,12.60
2026-10-07T23:02:28.413945+09:00,8.0127,17644,17643,0.0,2128,0.021157,8,12.60
2026-10-07T23:02:28.414071+09:00,8.0127,17645,17644,0.0,18328,0.021157,6,12.60
2026-10-07T23:02:28.436130+09:00,8.034,17644,17643,0.0,2128,0.021308,8,12.60
2026-10-07T23:02:28.436268+09:00,8.034,17645,17644,0.0,18328,0.021308,6,12.60
2026-10-07T23:02:28.456275+09:00,8.0542,17644,17643,0.0,2128,0.020229,8,12.60
2026-10-07T23:02:28.456412+09:00,8.0542,17645,17644,0.0,18328,0.020229,6,12.60
2026-10-07T23:02:28.477208+09:00,8.0752,17644,17643,0.0,2128,0.020924,8,12.60
2026-10-07T23:02:28.477338+09:00,8.0752,17645,17644,0.0,18328,0.020924,6,12.60
2026-10-07T23:02:28.497771+09:00,8.096,17644,17643,0.0,2128,0.020813,8,12.60
2026-10-07T23:02:28.497951+09:00,8.096,17645,17644,0.0,18328,0.020813,6,12.60
2026-10-07T23:02:28.519351+09:00,8.1173,17644,17643,0.0,2128,0.021321,8,12.60
2026-10-07T23:02:28.519483+09:00,8.1173,17645,17644,0.0,18328,0.021321,6,12.60
2026-10-07T23:02:28.539408+09:00,8.1376,17644,17643,0.0,2128,0.020269,8,12.60
2026-10-07T23:02:28.539546+09:00,8.1376,17645,17644,0.0,18328,0.020269,6,12.60
2026-10-07T23:02:28.560961+09:00,8.1585,17644,17643,0.0,2128,0.020963,8,12.60
2026-10-07T23:02:28.561107+09:00,8.1585,17645,17644,0.0,18328,0.020963,6,12.60
2026-10-07T23:02:28.582062+09:00,8.1799,17644,17643,0.0,2128,0.021365,8,12.60
2026-10-07T23:02:28.582200+09:00,8.1799,17645,17644,0.0,18328,0.021365,6,12.60
2026-10-07T23:02:28.603447+09:00,8.2013,17644,17643,0.0,2128,0.021376,8,12.60
2026-10-07T23:02:28.603586+09:00,8.2013,17645,17644,0.0,18328,0.021376,6,12.60
2026-10-07T23:02:28.623281+09:00,8.2218,17644,17643,0.0,2128,0.020505,8,12.60
2026-10-07T23:02:28.623414+09:00,8.2218,17645,17644,0.0,18328,0.020505,6,12.60
2026-10-07T23:02:28.644425+09:00,8.2423,17644,17643,0.0,2128,0.020581,8,12.60
2026-10-07T23:02:28.644556+09:00,8.2423,17645,17644,0.0,18328,0.020581,6,12.60
2026-10-07T23:02:28.664890+09:00,8.2628,17644,17643,0.0,2128,0.020453,8,12.60
2026-10-07T23:02:28.665067+09:00,8.2628,17645,17644,0.0,18328,0.020453,6,12.60
2026-10-07T23:02:28.686195+09:00,8.284,17644,17643,0.0,2128,0.021238,8,12.60
2026-10-07T23:02:28.686337+09:00,8.284,17645,17644,0.0,18328,0.021238,6,12.60
2026-10-07T23:02:28.706230+09:00,8.3045,17644,17643,0.0,2128,0.020433,8,12.60
2026-10-07T23:02:28.706372+09:00,8.3045,17645,17644,0.0,18328,0.020433,6,12.60
2026-10-07T23:02:28.727265+09:00,8.3256,17644,17643,0.0,2128,0.021137,8,12.60
2026-10-07T23:02:28.727383+09:00,8.3256,17645,17644,0.0,18328,0.021137,6,12.60
2026-10-07T23:02:28.747633+09:00,8.3461,17644,17643,0.0,2128,0.020511,8,12.60
2026-10-07T23:02:28.747770+09:00,8.3461,17645,17644,0.0,18328,0.020511,6,12.60
2026-10-07T23:02:28.769655+09:00,8.3674,17644,17643,0.0,2128,0.021332,8,12.60
2026-10-07T23:02:28.769795+09:00,8.3674,17645,17644,0.0,18328,0.021332,6,12.60
2026-10-07T23:02:28.790482+09:00,8.3887,17644,17643,0.0,2128,0.021217,8,12.60
2026-10-07T23:02:28.790593+09:00,8.3887,17645,17644,0.0,18328,0.021217,6,12.60
2026-10-07T23:02:28.810805+09:00,8.4089,17644,17643,0.0,2128,0.020247,8,12.60
2026-10-07T23:02:28.810976+09:00,8.4089,17645,17644,0.0,18328,0.020247,6,12.60
2026-10-07T23:02:28.830228+09:00,8.4292,17644,17643,0.0,2128,0.020241,8,18.01
2026-10-07T23:02:28.830329+09:00,8.4292,17645,17644,98.809,18328,0.020241,8,18.01
2026-10-07T23:02:28.851572+09:00,8.45,17644,17643,0.0,2128,0.020852,8,18.01
2026-10-07T23:02:28.851707+09:00,8.45,17645,17644,0.0,18328,0.020852,8,18.01
2026-10-07T23:02:28.872329+09:00,8.4703,17644,17643,0.0,2128,0.020264,8,18.01
2026-10-07T23:02:28.872472+09:00,8.4703,17645,17644,0.0,18328,0.020264,8,18.01
2026-10-07T23:02:28.891711+09:00,8.4905,17644,17643,0.0,2128,0.020205,8,18.01
2026-10-07T23:02:28.891822+09:00,8.4905,17645,17644,0.0,18328,0.020205,8,18.01
2026-10-07T23:02:28.913677+09:00,8.5115,17644,17643,0.0,2128,0.021074,8,18.01
2026-10-07T23:02:28.913811+09:00,8.5115,17645,17644,0.0,18328,0.021074,8,18.01
2026-10-07T23:02:28.935081+09:00,8.5329,17644,17643,0.0,2128,0.021361,8,18.01
2026-10-07T23:02:28.935218+09:00,8.5329,17645,17644,0.0,18328,0.021361,8,18.01
2026-10-07T23:02:28.955301+09:00,8.5534,17644,17643,0.0,2128,0.020483,8,18.01
2026-10-07T23:02:28.955446+09:00,8.5534,17645,17644,0.0,18328,0.020483,8,18.01
2026-10-07T23:02:28.976711+09:00,8.5747,17644,17643,0.0,2128,0.021305,8,18.01
2026-10-07T23:02:28.976918+09:00,8.5747,17645,17644,0.0,18328,0.021305,8,18.01
2026-10-07T23:02:28.996915+09:00,8.5955,17644,17643,0.0,2128,0.020809,8,18.01
2026-10-07T23:02:28.997058+09:00,8.5955,17645,17644,0.0,18328,0.020809,8,18.01
2026-10-07T23:02:29.018161+09:00,8.6161,17644,17643,0.0,2128,0.020583,8,18.01
2026-10-07T23:02:29.018293+09:00,8.6161,17645,17644,0.0,18328,0.020583,8,18.01
2026-10-07T23:02:29.039339+09:00,8.6373,17644,17643,0.0,2128,0.02121,8,18.01
2026-10-07T23:02:29.039477+09:00,8.6373,17645,17644,0.0,18328,0.02121,8,18.01
2026-10-07T23:02:29.059558+09:00,8.658,17644,17643,0.0,2128,0.020661,8,18.01
2026-10-07T23:02:29.059697+09:00,8.658,17645,17644,0.0,18328,0.020661,8,18.01
2026-10-07T23:02:29.080569+09:00,8.6789,17644,17643,0.0,2128,0.02093,8,18.01
2026-10-07T23:02:29.080706+09:00,8.6789,17645,17644,0.0,18328,0.02093,8,18.01
2026-10-07T23:02:29.102354+09:00,8.7002,17644,17643,0.0,2128,0.021348,8,18.01
2026-10-07T23:02:29.102491+09:00,8.7002,17645,17644,0.0,18328,0.021348,8,18.01
2026-10-07T23:02:29.122400+09:00,8.7204,17644,17643,0.0,2128,0.020203,8,18.01
2026-10-07T23:02:29.122542+09:00,8.7204,17645,17644,0.0,18328,0.020203,8,18.01
2026-10-07T23:02:29.144073+09:00,8.7418,17644,17643,0.0,2128,0.021349,8,18.01
2026-10-07T23:02:29.144214+09:00,8.7418,17645,17644,0.0,18328,0.021349,8,18.01
2026-10-07T23:02:29.163647+09:00,8.7621,17644,17643,0.0,2128,0.02034,8,18.01
2026-10-07T23:02:29.163783+09:00,8.7621,17645,17644,0.0,18328,0.02034,8,18.01
2026-10-07T23:02:29.185652+09:00,8.7835,17644,17643,0.0,2128,0.021354,8,18.01
2026-10-07T23:02:29.185893+09:00,8.7835,17645,17644,0.0,18328,0.021354,8,18.01
2026-10-07T23:02:29.205869+09:00,8.8044,17644,17643,0.0,2128,0.020903,8,18.01
2026-10-07T23:02:29.206002+09:00,8.8044,17645,17644,0.0,18328,0.020903,8,18.01
2026-10-07T23:02:29.226558+09:00,8.825,17644,17643,0.0,2128,0.020598,8,18.01
2026-10-07T23:02:29.226698+09:00,8.825,17645,17644,0.0,18328,0.020598,8,18.01
2026-10-07T23:02:29.248508+09:00,8.8463,17644,17643,0.0,2128,0.02136,8,18.01
2026-10-07T23:02:29.248648+09:00,8.8463,17645,17644,0.0,18328,0.02136,8,18.01
2026-10-07T23:02:29.269872+09:00,8.8677,17644,17643,0.0,2128,0.021361,8,18.01
2026-10-07T23:02:29.270068+09:00,8.8677,17645,17644,0.0,18328,0.021361,8,18.01
2026-10-07T23:02:29.290248+09:00,8.8884,17644,17643,0.0,2128,0.020716,8,18.01
2026-10-07T23:02:29.290364+09:00,8.8884,17645,17644,0.0,18328,0.020716,8,18.01
2026-10-07T23:02:29.310100+09:00,8.9087,17644,17643,0.0,2128,0.020305,8,18.01
2026-10-07T23:02:29.310204+09:00,8.9087,17645,17644,0.0,18328,0.020305,8,18.01
2026-10-07T23:02:29.330399+09:00,8.9293,17644,17643,0.0,2128,0.020586,8,18.01
2026-10-07T23:02:29.330501+09:00,8.9293,17645,17644,0.0,18328,0.020586,8,18.01
2026-10-07T23:02:29.352852+09:00,8.9507,17644,17643,0.0,2128,0.021386,8,18.01
2026-10-07T23:02:29.353052+09:00,8.9507,17645,17644,0.0,18328,0.021386,8,18.01
2026-10-07T23:02:29.373144+09:00,8.9717,17644,17643,0.0,2128,0.020981,8,18.01
2026-10-07T23:02:29.373255+09:00,8.9717,17645,17644,0.0,18328,0.020981,8,18.01
2026-10-07T23:02:29.394254+09:00,8.9921,17644,17643,0.0,2128,0.020423,8,18.01
2026-10-07T23:02:29.394390+09:00,8.9921,17645,17644,0.0,18328,0.020423,8,18.01
2026-10-07T23:02:29.415017+09:00,9.0128,17644,17643,0.0,2128,0.020706,8,18.01
2026-10-07T23:02:29.415156+09:00,9.0128,17645,17644,0.0,18328,0.020706,8,18.01
2026-10-07T23:02:29.435573+09:00,9.034,17644,17643,0.0,2128,0.021144,8,18.01
2026-10-07T23:02:29.435712+09:00,9.034,17645,17644,0.0,18328,0.021144,8,18.01
2026-10-07T23:02:29.456376+09:00,9.0546,17644,17643,0.0,2128,0.020625,8,18.01
2026-10-07T23:02:29.456708+09:00,9.0546,17645,17644,0.0,18328,0.020625,8,18.01
2026-10-07T23:02:29.478011+09:00,9.0759,17644,17643,0.0,2128,0.021292,8,18.01
2026-10-07T23:02:29.478150+09:00,9.0759,17645,17644,0.0,18328,0.021292,8,18.01
2026-10-07T23:02:29.497913+09:00,9.0962,17644,17643,0.0,2128,0.020326,8,18.01
2026-10-07T23:02:29.498092+09:00,9.0962,17645,17644,0.0,18328,0.020326,8,18.01
2026-10-07T23:02:29.518299+09:00,9.1167,17644,17643,0.0,2128,0.020474,8,18.01
2026-10-07T23:02:29.518414+09:00,9.1167,17645,17644,0.0,18328,0.020474,8,18.01
2026-10-07T23:02:29.539562+09:00,9.1379,17644,17643,0.0,2128,0.021212,8,18.01
2026-10-07T23:02:29.539838+09:00,9.1379,17645,17644,0.0,18328,0.021212,8,18.01
2026-10-07T23:02:29.561327+09:00,9.1592,17644,17643,0.0,2128,0.021294,8,18.01
2026-10-07T23:02:29.561465+09:00,9.1592,17645,17644,0.0,18328,0.021294,8,18.01
2026-10-07T23:02:29.580804+09:00,9.1794,17644,17643,0.0,2128,0.020205,8,18.01
2026-10-07T23:02:29.580955+09:00,9.1794,17645,17644,0.0,18328,0.020205,8,18.01
2026-10-07T23:02:29.602076+09:00,9.1999,17644,17643,0.0,2128,0.020534,8,18.01
2026-10-07T23:02:29.602214+09:00,9.1999,17645,17644,0.0,18328,0.020534,8,18.01
2026-10-07T23:02:29.622877+09:00,9.2211,17644,17643,0.0,2128,0.021197,8,18.01
2026-10-07T23:02:29.623078+09:00,9.2211,17645,17644,0.0,18328,0.021197,8,18.01
2026-10-07T23:02:29.643969+09:00,9.2421,17644,17643,0.0,2128,0.020964,8,18.01
2026-10-07T23:02:29.644124+09:00,9.2421,17645,17644,0.0,18328,0.020964,8,18.01
2026-10-07T23:02:29.664211+09:00,9.2626,17644,17643,0.0,2128,0.020551,8,18.01
2026-10-07T23:02:29.664322+09:00,9.2626,17645,17644,0.0,18328,0.020551,8,18.01
2026-10-07T23:02:29.686162+09:00,9.284,17644,17643,0.0,2128,0.021372,8,18.01
2026-10-07T23:02:29.686303+09:00,9.284,17645,17644,0.0,18328,0.021372,8,18.01
2026-10-07T23:02:29.706165+09:00,9.3042,17644,17643,0.0,2128,0.020205,8,18.01
2026-10-07T23:02:29.706309+09:00,9.3042,17645,17644,0.0,18328,0.020205,8,18.01
2026-10-07T23:02:29.728097+09:00,9.3255,17644,17643,0.0,2128,0.021305,8,18.01
2026-10-07T23:02:29.728242+09:00,9.3255,17645,17644,0.0,18328,0.021305,8,18.01
2026-10-07T23:02:29.747717+09:00,9.3458,17644,17643,0.0,2128,0.020311,8,18.01
2026-10-07T23:02:29.747866+09:00,9.3458,17645,17644,0.0,18328,0.020311,8,18.01
2026-10-07T23:02:29.769299+09:00,9.3671,17644,17643,0.0,2128,0.021331,8,18.01
2026-10-07T23:02:29.769442+09:00,9.3671,17645,17644,0.0,18328,0.021331,8,18.01
2026-10-07T23:02:29.789614+09:00,9.3878,17644,17643,0.0,2128,0.020641,8,18.01
2026-10-07T23:02:29.789762+09:00,9.3878,17645,17644,0.0,18328,0.020641,8,18.01
2026-10-07T23:02:29.810273+09:00,9.4081,17644,17643,0.0,2128,0.020286,8,18.01
2026-10-07T23:02:29.810413+09:00,9.4081,17645,17644,0.0,18328,0.020286,8,18.01
2026-10-07T23:02:29.829571+09:00,9.4285,17644,17643,0.0,2128,0.020408,8,18.01
2026-10-07T23:02:29.829674+09:00,9.4285,17645,17644,0.0,18328,0.020408,8,18.01
2026-10-07T23:02:29.850695+09:00,9.4488,17644,17643,0.0,2128,0.020296,8,18.01
2026-10-07T23:02:29.850831+09:00,9.4488,17645,17644,0.0,18328,0.020296,8,18.01
2026-10-07T23:02:29.871899+09:00,9.4697,17644,17643,0.0,2128,0.020909,8,18.01
2026-10-07T23:02:29.872082+09:00,9.4697,17645,17644,0.0,18328,0.020909,8,18.01
2026-10-07T23:02:29.891515+09:00,9.4901,17644,17643,0.0,2128,0.020424,8,18.01
2026-10-07T23:02:29.891624+09:00,9.4901,17645,17644,0.0,18328,0.020424,8,18.01
2026-10-07T23:02:29.913617+09:00,9.5115,17644,17643,0.0,2128,0.021338,8,18.01
2026-10-07T23:02:29.913756+09:00,9.5115,17645,17644,0.0,18328,0.021338,8,18.01
2026-10-07T23:02:29.934968+09:00,9.5328,17644,17643,0.0,2128,0.021347,8,18.01
2026-10-07T23:02:29.935118+09:00,9.5328,17645,17644,0.0,18328,0.021347,8,18.01
2026-10-07T23:02:29.954863+09:00,9.553,17644,17643,0.0,2128,0.020228,8,18.01
2026-10-07T23:02:29.955055+09:00,9.553,17645,17644,0.0,18328,0.020228,8,18.01
2026-10-07T23:02:29.976203+09:00,9.5743,17644,17643,0.0,2128,0.0213,8,18.01
2026-10-07T23:02:29.976343+09:00,9.5743,17645,17644,0.0,18328,0.0213,8,18.01
2026-10-07T23:02:29.996613+09:00,9.5954,17644,17643,0.0,2128,0.021031,8,18.01
2026-10-07T23:02:29.996722+09:00,9.5954,17645,17644,0.0,18328,0.021031,8,18.01
2026-10-07T23:02:30.018315+09:00,9.6162,17644,17643,0.0,2128,0.020854,8,18.01
2026-10-07T23:02:30.018451+09:00,9.6162,17645,17644,0.0,18328,0.020854,8,18.01
2026-10-07T23:02:30.039578+09:00,9.6374,17644,17643,0.0,2128,0.021212,8,18.01
2026-10-07T23:02:30.039765+09:00,9.6374,17645,17644,0.0,18328,0.021212,8,18.01
2026-10-07T23:02:30.058863+09:00,9.6576,17644,17643,0.0,2128,0.020167,8,18.01
2026-10-07T23:02:30.059025+09:00,9.6576,17645,17644,0.0,18328,0.020167,8,18.01
2026-10-07T23:02:30.081166+09:00,9.6789,17644,17643,0.0,2128,0.021337,8,18.01
2026-10-07T23:02:30.081306+09:00,9.6789,17645,17644,0.0,18328,0.021337,8,18.01
2026-10-07T23:02:30.101656+09:00,9.6995,17644,17643,0.0,2128,0.020592,8,18.01
2026-10-07T23:02:30.101791+09:00,9.6995,17645,17644,0.0,18328,0.020592,8,18.01
2026-10-07T23:02:30.122005+09:00,9.7198,17644,17643,0.0,2128,0.020246,8,18.01
2026-10-07T23:02:30.122172+09:00,9.7198,17645,17644,0.0,18328,0.020246,8,18.01
2026-10-07T23:02:30.143360+09:00,9.7411,17644,17643,0.0,2128,0.021344,8,18.01
2026-10-07T23:02:30.143498+09:00,9.7411,17645,17644,0.0,18328,0.021344,8,18.01
2026-10-07T23:02:30.163152+09:00,9.7614,17644,17643,0.0,2128,0.020251,8,18.01
2026-10-07T23:02:30.163289+09:00,9.7614,17645,17644,0.0,18328,0.020251,8,18.01
2026-10-07T23:02:30.184936+09:00,9.7827,17644,17643,0.0,2128,0.021347,8,18.01
2026-10-07T23:02:30.185087+09:00,9.7827,17645,17644,0.0,18328,0.021347,8,18.01
2026-10-07T23:02:30.204484+09:00,9.803,17644,17643,0.0,2128,0.020325,8,18.01
2026-10-07T23:02:30.204595+09:00,9.803,17645,17644,0.0,18328,0.020325,8,18.01
2026-10-07T23:02:30.224718+09:00,9.8232,17644,17643,0.0,2128,0.020169,8,18.01
2026-10-07T23:02:30.224831+09:00,9.8232,17645,17644,0.0,18328,0.020169,8,18.01
2026-10-07T23:02:30.246674+09:00,9.8445,17644,17643,0.0,2128,0.02134,8,18.01
2026-10-07T23:02:30.246810+09:00,9.8445,17645,17644,0.0,18328,0.02134,8,18.01
2026-10-07T23:02:30.267263+09:00,9.8657,17644,17643,0.0,2128,0.021149,8,18.01
2026-10-07T23:02:30.267399+09:00,9.8657,17645,17644,0.0,18328,0.021149,8,18.01
2026-10-07T23:02:30.288784+09:00,9.8865,17644,17643,0.0,2128,0.020819,8,18.01
2026-10-07T23:02:30.288982+09:00,9.8865,17645,17644,0.0,18328,0.020819,8,18.01
2026-10-07T23:02:30.310130+09:00,9.9079,17644,17643,0.0,2128,0.021349,8,18.01
2026-10-07T23:02:30.310269+09:00,9.9079,17645,17644,0.0,18328,0.021349,8,18.01
2026-10-07T23:02:30.330265+09:00,9.9281,17644,17643,0.0,2128,0.02027,8,18.01
2026-10-07T23:02:30.330404+09:00,9.9281,17645,17644,0.0,18328,0.02027,8,18.01
2026-10-07T23:02:30.351671+09:00,9.9495,17644,17643,0.0,2128,0.021336,8,18.01
2026-10-07T23:02:30.351812+09:00,9.9495,17645,17644,0.0,18328,0.021336,8,18.01
2026-10-07T23:02:30.371915+09:00,9.9698,17644,17643,0.0,2128,0.020308,8,18.01
2026-10-07T23:02:30.372095+09:00,9.9698,17645,17644,0.0,18328,0.020308,8,18.01
2026-10-07T23:02:30.393219+09:00,9.9911,17644,17643,0.0,2128,0.021329,8,18.01
2026-10-07T23:02:30.393357+09:00,9.9911,17645,17644,0.0,18328,0.021329,8,18.01
2026-10-07T23:02:30.413350+09:00,10.0123,17644,17643,0.0,2128,0.021171,8,18.01
2026-10-07T23:02:30.413451+09:00,10.0123,17645,17644,0.0,18328,0.021171,8,18.01
2026-10-07T23:02:30.434739+09:00,10.0326,17644,17643,0.0,2128,0.020363,8,18.01
2026-10-07T23:02:30.434878+09:00,10.0326,17645,17644,0.0,18328,0.020363,8,18.01
2026-10-07T23:02:30.455308+09:00,10.0531,17644,17643,0.0,2128,0.020438,8,18.01
2026-10-07T23:02:30.455447+09:00,10.0531,17645,17644,0.0,18328,0.020438,8,18.01
2026-10-07T23:02:30.475484+09:00,10.0738,17644,17643,0.0,2128,0.020732,8,18.01
2026-10-07T23:02:30.475622+09:00,10.0738,17645,17644,0.0,18328,0.020732,8,18.01
2026-10-07T23:02:30.495394+09:00,10.0941,17644,17643,0.0,2128,0.020334,8,18.01
2026-10-07T23:02:30.495571+09:00,10.0941,17645,17644,0.0,18328,0.020334,8,18.01
2026-10-07T23:02:30.517692+09:00,10.1155,17644,17643,0.0,2128,0.02134,8,18.01
2026-10-07T23:02:30.517831+09:00,10.1155,17645,17644,0.0,18328,0.02134,8,18.01
2026-10-07T23:02:30.538390+09:00,10.1361,17644,17643,0.0,2128,0.020574,8,18.01
2026-10-07T23:02:30.538533+09:00,10.1361,17645,17644,0.0,18328,0.020574,8,18.01
2026-10-07T23:02:30.559676+09:00,10.1574,17644,17643,0.0,2128,0.02135,8,18.01
2026-10-07T23:02:30.559817+09:00,10.1574,17645,17644,0.0,18328,0.02135,8,18.01
2026-10-07T23:02:30.579828+09:00,10.1782,17644,17643,0.0,2128,0.02077,8,18.01
2026-10-07T23:02:30.580011+09:00,10.1782,17645,17644,0.0,18328,0.02077,8,18.01
2026-10-07T23:02:30.601541+09:00,10.1994,17644,17643,0.0,2128,0.021238,8,18.01
2026-10-07T23:02:30.601676+09:00,10.1994,17645,17644,0.0,18328,0.021238,8,18.01
2026-10-07T23:02:30.621971+09:00,10.2198,17644,17643,0.0,2128,0.020392,8,18.01
2026-10-07T23:02:30.622119+09:00,10.2198,17645,17644,0.0,18328,0.020392,8,18.01
2026-10-07T23:02:30.641971+09:00,10.2402,17644,17643,0.0,2128,0.02035,8,18.01
2026-10-07T23:02:30.642119+09:00,10.2402,17645,17644,0.0,18328,0.02035,8,18.01
2026-10-07T23:02:30.662732+09:00,10.2611,17644,17643,0.0,2128,0.020957,8,18.01
2026-10-07T23:02:30.662843+09:00,10.2611,17645,17644,0.0,18328,0.020957,8,18.01
2026-10-07T23:02:30.683571+09:00,10.2819,17644,17643,0.0,2128,0.020787,8,18.01
2026-10-07T23:02:30.683707+09:00,10.2819,17645,17644,0.0,18328,0.020787,8,18.01
2026-10-07T23:02:30.705482+09:00,10.3031,17644,17643,0.0,2128,0.02125,8,18.01
2026-10-07T23:02:30.705735+09:00,10.3031,17645,17644,0.0,18328,0.02125,8,18.01
2026-10-07T23:02:30.724716+09:00,10.3234,17644,17643,0.0,2128,0.020253,8,18.01
2026-10-07T23:02:30.724919+09:00,10.3234,17645,17644,0.0,18328,0.020253,8,18.01
2026-10-07T23:02:30.745644+09:00,10.3436,17644,17643,0.0,2128,0.020202,8,18.01
2026-10-07T23:02:30.745782+09:00,10.3436,17645,17644,0.0,18328,0.020202,8,18.01
2026-10-07T23:02:30.767134+09:00,10.3649,17644,17643,0.0,2128,0.021345,8,18.01
2026-10-07T23:02:30.767271+09:00,10.3649,17645,17644,0.0,18328,0.021345,8,18.01
2026-10-07T23:02:30.787135+09:00,10.3853,17644,17643,0.0,2128,0.020303,8,18.01
2026-10-07T23:02:30.787276+09:00,10.3853,17645,17644,0.0,18328,0.020303,8,18.01
2026-10-07T23:02:30.807732+09:00,10.406,17644,17643,0.0,2128,0.020776,8,18.01
2026-10-07T23:02:30.807844+09:00,10.406,17645,17644,0.0,18328,0.020776,8,18.01
2026-10-07T23:02:30.827637+09:00,10.4262,17644,17643,0.0,2128,0.020204,8,18.01
2026-10-07T23:02:30.827741+09:00,10.4262,17645,17644,0.0,18328,0.020204,8,18.01
2026-10-07T23:02:30.849774+09:00,10.4476,17644,17643,0.0,2128,0.021346,8,18.01
2026-10-07T23:02:30.849960+09:00,10.4476,17645,17644,0.0,18328,0.021346,8,18.01
2026-10-07T23:02:30.871154+09:00,10.4689,17644,17643,0.0,2128,0.021365,8,18.01
2026-10-07T23:02:30.871292+09:00,10.4689,17645,17644,0.0,18328,0.021365,8,18.01
2026-10-07T23:02:30.891159+09:00,10.4895,17644,17643,0.0,2128,0.020539,8,18.01
2026-10-07T23:02:30.891270+09:00,10.4895,17645,17644,0.0,18328,0.020539,8,18.01
2026-10-07T23:02:30.912951+09:00,10.5108,17644,17643,0.0,2128,0.021332,8,18.01
2026-10-07T23:02:30.913099+09:00,10.5108,17645,17644,0.0,18328,0.021332,8,18.01
2026-10-07T23:02:30.934261+09:00,10.5321,17644,17643,0.0,2128,0.021334,8,18.01
2026-10-07T23:02:30.934398+09:00,10.5321,17645,17644,0.0,18328,0.021334,8,18.01
2026-10-07T23:02:30.954929+09:00,10.5528,17644,17643,0.0,2128,0.020681,8,18.01
2026-10-07T23:02:30.955087+09:00,10.5528,17645,17644,0.0,18328,0.020681,8,18.01
2026-10-07T23:02:30.975347+09:00,10.5732,17644,17643,0.0,2128,0.020391,8,18.01
2026-10-07T23:02:30.975483+09:00,10.5732,17645,17644,0.0,18328,0.020391,8,18.01
2026-10-07T23:02:30.995773+09:00,10.5936,17644,17643,0.0,2128,0.02041,8,18.01
2026-10-07T23:02:30.995954+09:00,10.5936,17645,17644,0.0,18328,0.02041,8,18.01
2026-10-07T23:02:31.016537+09:00,10.6144,17644,17643,0.0,2128,0.020802,8,18.01
2026-10-07T23:02:31.016668+09:00,10.6144,17645,17644,0.0,18328,0.020802,8,18.01
2026-10-07T23:02:31.036214+09:00,10.6348,17644,17643,0.0,2128,0.020328,8,18.01
2026-10-07T23:02:31.036325+09:00,10.6348,17645,17644,0.0,18328,0.020328,8,18.01
2026-10-07T23:02:31.057571+09:00,10.6559,17644,17643,0.0,2128,0.02113,8,18.01
2026-10-07T23:02:31.057683+09:00,10.6559,17645,17644,0.0,18328,0.02113,8,18.01
2026-10-07T23:02:31.078490+09:00,10.6764,17644,17643,0.0,2128,0.020466,8,18.01
2026-10-07T23:02:31.078627+09:00,10.6764,17645,17644,0.0,18328,0.020466,8,18.01
2026-10-07T23:02:31.098178+09:00,10.6965,17644,17643,0.0,2128,0.020184,8,18.01
2026-10-07T23:02:31.098293+09:00,10.6965,17645,17644,0.0,18328,0.020184,8,18.01
2026-10-07T23:02:31.120153+09:00,10.7179,17644,17643,0.0,2128,0.021344,8,18.01
2026-10-07T23:02:31.120292+09:00,10.7179,17645,17644,0.0,18328,0.021344,8,18.01
2026-10-07T23:02:31.139694+09:00,10.7382,17644,17643,0.0,2128,0.020279,8,18.01
2026-10-07T23:02:31.139832+09:00,10.7382,17645,17644,0.0,18328,0.020279,8,18.01
2026-10-07T23:02:31.159791+09:00,10.7587,17644,17643,0.0,2128,0.020525,8,18.01
2026-10-07T23:02:31.159904+09:00,10.7587,17645,17644,0.0,18328,0.020525,8,18.01
2026-10-07T23:02:31.179921+09:00,10.7788,17644,17643,0.0,2128,0.020155,8,18.01
2026-10-07T23:02:31.180054+09:00,10.7788,17645,17644,0.0,18328,0.020155,8,18.01
2026-10-07T23:02:31.201899+09:00,10.7997,17644,17643,0.0,2128,0.020898,8,18.01
2026-10-07T23:02:31.202077+09:00,10.7997,17645,17644,0.0,18328,0.020898,8,18.01
2026-10-07T23:02:31.222164+09:00,10.82,17644,17643,0.0,2128,0.020303,8,18.01
2026-10-07T23:02:31.222304+09:00,10.82,17645,17644,0.0,18328,0.020303,8,18.01
2026-10-07T23:02:31.242377+09:00,10.8403,17644,17643,0.0,2128,0.020307,8,18.01
2026-10-07T23:02:31.242513+09:00,10.8403,17645,17644,0.0,18328,0.020307,8,18.01
2026-10-07T23:02:31.262453+09:00,10.8607,17644,17643,0.0,2128,0.020357,8,18.01
2026-10-07T23:02:31.262591+09:00,10.8607,17645,17644,0.0,18328,0.020357,8,18.01
2026-10-07T23:02:31.284029+09:00,10.8818,17644,17643,0.0,2128,0.021087,8,18.01
2026-10-07T23:02:31.284171+09:00,10.8818,17645,17644,0.0,18328,0.021087,8,18.01
2026-10-07T23:02:31.305510+09:00,10.9031,17644,17643,0.0,2128,0.021341,8,18.01
2026-10-07T23:02:31.305649+09:00,10.9031,17645,17644,0.0,18328,0.021341,8,18.01
2026-10-07T23:02:31.326614+09:00,10.9245,17644,17643,0.0,2128,0.021363,8,18.01
2026-10-07T23:02:31.326749+09:00,10.9245,17645,17644,0.0,18328,0.021363,8,18.01
2026-10-07T23:02:31.346641+09:00,10.9448,17644,17643,0.0,2128,0.020293,8,18.01
2026-10-07T23:02:31.346779+09:00,10.9448,17645,17644,0.0,18328,0.020293,8,18.01
2026-10-07T23:02:31.368377+09:00,10.9661,17644,17643,0.0,2128,0.021342,8,18.01
2026-10-07T23:02:31.368515+09:00,10.9661,17645,17644,0.0,18328,0.021342,8,18.01
2026-10-07T23:02:31.388964+09:00,10.9873,17644,17643,0.0,2128,0.021195,8,18.01
2026-10-07T23:02:31.389087+09:00,10.9873,17645,17644,0.0,18328,0.021195,8,18.01
2026-10-07T23:02:31.410334+09:00,11.0081,17644,17643,0.0,2128,0.020749,8,18.01
2026-10-07T23:02:31.410474+09:00,11.0081,17645,17644,0.0,18328,0.020749,8,18.01
2026-10-07T23:02:31.430077+09:00,11.0283,17644,17643,0.0,2128,0.020266,8,18.01
2026-10-07T23:02:31.430215+09:00,11.0283,17645,17644,0.0,18328,0.020266,8,18.01
2026-10-07T23:02:31.451733+09:00,11.0496,17644,17643,0.0,2128,0.021305,8,18.01
2026-10-07T23:02:31.451865+09:00,11.0496,17645,17644,0.0,18328,0.021305,8,18.01
2026-10-07T23:02:31.471469+09:00,11.0699,17644,17643,0.0,2128,0.020279,8,18.01
2026-10-07T23:02:31.471607+09:00,11.0699,17645,17644,0.0,18328,0.020279,8,18.01
2026-10-07T23:02:31.491650+09:00,11.0901,17644,17643,0.0,2128,0.020204,8,18.01
2026-10-07T23:02:31.491786+09:00,11.0901,17645,17644,0.0,18328,0.020204,8,18.01
2026-10-07T23:02:31.513571+09:00,11.1115,17644,17643,0.0,2128,0.021345,8,18.01
2026-10-07T23:02:31.513706+09:00,11.1115,17645,17644,0.0,18328,0.021345,8,18.01
2026-10-07T23:02:31.534966+09:00,11.1328,17644,17643,0.0,2128,0.021345,8,18.01
2026-10-07T23:02:31.535113+09:00,11.1328,17645,17644,0.0,18328,0.021345,8,18.01
2026-10-07T23:02:31.555324+09:00,11.1533,17644,17643,0.0,2128,0.020482,8,18.01
2026-10-07T23:02:31.555456+09:00,11.1533,17645,17644,0.0,18328,0.020482,8,18.01
2026-10-07T23:02:31.576252+09:00,11.1741,17644,17643,0.0,2128,0.020832,8,18.01
2026-10-07T23:02:31.576387+09:00,11.1741,17645,17644,0.0,18328,0.020832,8,18.01
2026-10-07T23:02:31.596872+09:00,11.1949,17644,17643,0.0,2128,0.02072,8,18.01
2026-10-07T23:02:31.597053+09:00,11.1949,17645,17644,0.0,18328,0.02072,8,18.01
2026-10-07T23:02:31.617068+09:00,11.2151,17644,17643,0.0,2128,0.020198,8,18.01
2026-10-07T23:02:31.617199+09:00,11.2151,17645,17644,0.0,18328,0.020198,8,18.01
2026-10-07T23:02:31.638601+09:00,11.2365,17644,17643,0.0,2128,0.021408,8,18.01
2026-10-07T23:02:31.638735+09:00,11.2365,17645,17644,0.0,18328,0.021408,8,18.01
2026-10-07T23:02:31.659616+09:00,11.2578,17644,17643,0.0,2128,0.021324,8,18.01
2026-10-07T23:02:31.659753+09:00,11.2578,17645,17644,0.0,18328,0.021324,8,18.01
2026-10-07T23:02:31.681181+09:00,11.2791,17644,17643,0.0,2128,0.021323,8,18.01
2026-10-07T23:02:31.681315+09:00,11.2791,17645,17644,0.0,18328,0.021323,8,18.01
2026-10-07T23:02:31.702595+09:00,11.3004,17644,17643,0.0,2128,0.021342,8,18.01
2026-10-07T23:02:31.702732+09:00,11.3004,17645,17644,0.0,18328,0.021342,8,18.01
2026-10-07T23:02:31.723295+09:00,11.3216,17644,17643,0.0,2128,0.021129,8,18.01
2026-10-07T23:02:31.723436+09:00,11.3216,17645,17644,0.0,18328,0.021129,8,18.01
2026-10-07T23:02:31.743121+09:00,11.3418,17644,17643,0.0,2128,0.020219,8,18.01
2026-10-07T23:02:31.743224+09:00,11.3418,17645,17644,0.0,18328,0.020219,8,18.01
2026-10-07T23:02:31.764149+09:00,11.3624,17644,17643,0.0,2128,0.02063,8,18.01
2026-10-07T23:02:31.764260+09:00,11.3624,17645,17644,0.0,18328,0.02063,8,18.01
2026-10-07T23:02:31.785760+09:00,11.3837,17644,17643,0.0,2128,0.021321,8,18.01
2026-10-07T23:02:31.785901+09:00,11.3837,17645,17644,0.0,18328,0.021321,8,18.01
2026-10-07T23:02:31.807221+09:00,11.4051,17644,17643,0.0,2128,0.021336,8,18.01
2026-10-07T23:02:31.807360+09:00,11.4051,17645,17644,0.0,18328,0.021336,8,18.01
2026-10-07T23:02:31.828693+09:00,11.4264,17644,17643,0.0,2128,0.021325,8,18.01
2026-10-07T23:02:31.828830+09:00,11.4264,17645,17644,0.0,18328,0.021325,8,18.01
2026-10-07T23:02:31.849756+09:00,11.4477,17644,17643,0.0,2128,0.021303,8,18.01
2026-10-07T23:02:31.849895+09:00,11.4477,17645,17644,0.0,18328,0.021303,8,18.01
2026-10-07T23:02:31.871187+09:00,11.4691,17644,17643,0.0,2128,0.021345,8,18.01
2026-10-07T23:02:31.871324+09:00,11.4691,17645,17644,0.0,18328,0.021345,8,18.01
2026-10-07T23:02:31.892498+09:00,11.4904,17644,17643,0.0,2128,0.021343,8,18.01
2026-10-07T23:02:31.892631+09:00,11.4904,17645,17644,0.0,18328,0.021343,8,18.01
2026-10-07T23:02:31.913806+09:00,11.5117,17644,17643,0.0,2128,0.021322,8,18.01
2026-10-07T23:02:31.913996+09:00,11.5117,17645,17644,0.0,18328,0.021322,8,18.01
2026-10-07T23:02:31.933331+09:00,11.5322,17644,17643,0.0,2128,0.020435,8,19.60
2026-10-07T23:02:31.933438+09:00,11.5322,17645,17644,48.936,18328,0.020435,9,19.60
2026-10-07T23:02:31.955524+09:00,11.5534,17644,17643,0.0,2128,0.021195,8,19.60
2026-10-07T23:02:31.955656+09:00,11.5534,17645,17644,47.181,18328,0.021195,10,19.60
2026-10-07T23:02:31.976967+09:00,11.5747,17644,17643,0.0,2128,0.021326,8,19.60
2026-10-07T23:02:31.977113+09:00,11.5747,17645,17644,0.0,18328,0.021326,10,19.60
2026-10-07T23:02:31.997259+09:00,11.5958,17644,17643,0.0,2128,0.021081,8,19.60
2026-10-07T23:02:31.997370+09:00,11.5958,17645,17644,0.0,18328,0.021081,10,19.60
2026-10-07T23:02:32.019389+09:00,11.6171,17644,17643,0.0,2128,0.021384,8,19.60
2026-10-07T23:02:32.019529+09:00,11.6171,17645,17644,0.0,18328,0.021384,10,19.60
2026-10-07T23:02:32.040631+09:00,11.6385,17644,17643,0.0,2128,0.021334,8,19.60
2026-10-07T23:02:32.040769+09:00,11.6385,17645,17644,0.0,18328,0.021334,10,19.60
2026-10-07T23:02:32.062062+09:00,11.6595,17644,17643,0.0,2128,0.02104,8,19.60
2026-10-07T23:02:32.062200+09:00,11.6595,17645,17644,0.0,18328,0.02104,10,19.60
2026-10-07T23:02:32.082875+09:00,11.6808,17644,17643,0.0,2128,0.021322,8,19.60
2026-10-07T23:02:32.083055+09:00,11.6808,17645,17644,0.0,18328,0.021322,10,19.60
2026-10-07T23:02:32.103906+09:00,11.7018,17644,17643,0.0,2128,0.02095,8,19.60
2026-10-07T23:02:32.104084+09:00,11.7018,17645,17644,0.0,18328,0.02095,10,19.60
2026-10-07T23:02:32.123513+09:00,11.722,17644,17643,0.0,2128,0.020215,8,19.60
2026-10-07T23:02:32.123643+09:00,11.722,17645,17644,0.0,18328,0.020215,10,19.60
2026-10-07T23:02:32.144116+09:00,11.7428,17644,17643,0.0,2128,0.020826,8,19.60
2026-10-07T23:02:32.144254+09:00,11.7428,17645,17644,0.0,18328,0.020826,10,19.60
2026-10-07T23:02:32.166300+09:00,11.7642,17644,17643,0.0,2128,0.021356,8,19.60
2026-10-07T23:02:32.166438+09:00,11.7642,17645,17644,0.0,18328,0.021356,10,19.60
2026-10-07T23:02:32.187111+09:00,11.785,17644,17643,0.0,2128,0.020771,8,19.60
2026-10-07T23:02:32.187253+09:00,11.785,17645,17644,0.0,18328,0.020771,10,19.60
2026-10-07T23:02:32.208421+09:00,11.8063,17644,17643,0.0,2128,0.021353,8,19.60
2026-10-07T23:02:32.208555+09:00,11.8063,17645,17644,0.0,18328,0.021353,10,19.60
2026-10-07T23:02:32.229037+09:00,11.8266,17644,17643,0.0,2128,0.020304,8,19.60
2026-10-07T23:02:32.229186+09:00,11.8266,17645,17644,0.0,18328,0.020304,10,19.60
2026-10-07T23:02:32.249965+09:00,11.8479,17644,17643,0.0,2128,0.021301,8,19.60
2026-10-07T23:02:32.250101+09:00,11.8479,17645,17644,0.0,18328,0.021301,10,19.60
2026-10-07T23:02:32.271398+09:00,11.8692,17644,17643,0.0,2128,0.021336,8,19.60
2026-10-07T23:02:32.271535+09:00,11.8692,17645,17644,0.0,18328,0.021336,10,19.60
2026-10-07T23:02:32.290837+09:00,11.8895,17644,17643,0.0,2128,0.020289,8,19.60
2026-10-07T23:02:32.290998+09:00,11.8895,17645,17644,0.0,18328,0.020289,10,19.60
2026-10-07T23:02:32.311449+09:00,11.9099,17644,17643,0.0,2128,0.020321,8,19.60
2026-10-07T23:02:32.311599+09:00,11.9099,17645,17644,0.0,18328,0.020321,10,19.60
2026-10-07T23:02:32.332595+09:00,11.9311,17644,17643,0.0,2128,0.021196,8,19.60
2026-10-07T23:02:32.332734+09:00,11.9311,17645,17644,0.0,18328,0.021196,10,19.60
2026-10-07T23:02:32.354035+09:00,11.9518,17644,17643,0.0,2128,0.020718,8,19.60
2026-10-07T23:02:32.354178+09:00,11.9518,17645,17644,0.0,18328,0.020718,10,19.60
2026-10-07T23:02:32.373772+09:00,11.9722,17644,17643,0.0,2128,0.020392,8,19.60
2026-10-07T23:02:32.373883+09:00,11.9722,17645,17644,0.0,18328,0.020392,10,19.60
2026-10-07T23:02:32.394813+09:00,11.9924,17644,17643,0.0,2128,0.020256,8,19.60
2026-10-07T23:02:32.395019+09:00,11.9924,17645,17644,0.0,18328,0.020256,10,19.60
2026-10-07T23:02:32.416073+09:00,12.0138,17644,17643,0.0,2128,0.021354,8,19.60
2026-10-07T23:02:32.416216+09:00,12.0138,17645,17644,0.0,18328,0.021354,10,19.60
2026-10-07T23:02:32.435576+09:00,12.034,17644,17643,0.0,2128,0.020223,8,19.60
2026-10-07T23:02:32.435712+09:00,12.034,17645,17644,0.0,18328,0.020223,10,19.60
2026-10-07T23:02:32.455406+09:00,12.0542,17644,17643,0.0,2128,0.020186,8,19.60
2026-10-07T23:02:32.455520+09:00,12.0542,17645,17644,0.0,18328,0.020186,10,19.60
2026-10-07T23:02:32.477701+09:00,12.0755,17644,17643,0.0,2128,0.021349,8,19.60
2026-10-07T23:02:32.477840+09:00,12.0755,17645,17644,0.0,18328,0.021349,10,19.60
2026-10-07T23:02:32.498095+09:00,12.0963,17644,17643,0.0,2128,0.020723,8,19.60
2026-10-07T23:02:32.498236+09:00,12.0963,17645,17644,0.0,18328,0.020723,10,19.60
2026-10-07T23:02:32.519973+09:00,12.1176,17644,17643,0.0,2128,0.021333,8,19.60
2026-10-07T23:02:32.520131+09:00,12.1176,17645,17644,0.0,18328,0.021333,10,19.60
2026-10-07T23:02:32.539703+09:00,12.1382,17644,17643,0.0,2128,0.020596,8,19.60
2026-10-07T23:02:32.539839+09:00,12.1382,17645,17644,0.0,18328,0.020596,10,19.60
2026-10-07T23:02:32.561774+09:00,12.1595,17644,17643,0.0,2128,0.021363,8,19.60
2026-10-07T23:02:32.561960+09:00,12.1595,17645,17644,0.0,18328,0.021363,10,19.60
2026-10-07T23:02:32.581289+09:00,12.1799,17644,17643,0.0,2128,0.020312,8,19.60
2026-10-07T23:02:32.581399+09:00,12.1799,17645,17644,0.0,18328,0.020312,10,19.60
2026-10-07T23:02:32.602345+09:00,12.2002,17644,17643,0.0,2128,0.020308,8,19.60
2026-10-07T23:02:32.602484+09:00,12.2002,17645,17644,0.0,18328,0.020308,10,19.60
2026-10-07T23:02:32.622683+09:00,12.2209,17644,17643,0.0,2128,0.020706,8,19.60
2026-10-07T23:02:32.622824+09:00,12.2209,17645,17644,0.0,18328,0.020706,10,19.60
2026-10-07T23:02:32.643259+09:00,12.2415,17644,17643,0.0,2128,0.020617,8,19.60
2026-10-07T23:02:32.643421+09:00,12.2415,17645,17644,0.0,18328,0.020617,10,19.60
2026-10-07T23:02:32.665061+09:00,12.2629,17644,17643,0.0,2128,0.021365,8,19.60
2026-10-07T23:02:32.665204+09:00,12.2629,17645,17644,0.0,18328,0.021365,10,19.60
2026-10-07T23:02:32.686355+09:00,12.2842,17644,17643,0.0,2128,0.021352,8,19.60
2026-10-07T23:02:32.686493+09:00,12.2842,17645,17644,0.0,18328,0.021352,10,19.60
2026-10-07T23:02:32.706526+09:00,12.3046,17644,17643,0.0,2128,0.020377,8,19.60
2026-10-07T23:02:32.706665+09:00,12.3046,17645,17644,0.0,18328,0.020377,10,19.60
2026-10-07T23:02:32.727748+09:00,12.3256,17644,17643,0.0,2128,0.020982,8,19.60
2026-10-07T23:02:32.728052+09:00,12.3256,17645,17644,0.0,18328,0.020982,10,19.60
2026-10-07T23:02:32.747504+09:00,12.3459,17644,17643,0.0,2128,0.020309,8,19.60
2026-10-07T23:02:32.747641+09:00,12.3459,17645,17644,0.0,18328,0.020309,10,19.60
2026-10-07T23:02:32.769419+09:00,12.3672,17644,17643,0.0,2128,0.021336,8,19.60
2026-10-07T23:02:32.769561+09:00,12.3672,17645,17644,0.0,18328,0.021336,10,19.60
2026-10-07T23:02:32.788952+09:00,12.3874,17644,17643,0.0,2128,0.020196,8,19.60
2026-10-07T23:02:32.789104+09:00,12.3874,17645,17644,0.0,18328,0.020196,10,19.60
2026-10-07T23:02:32.809164+09:00,12.4076,17644,17643,0.0,2128,0.020175,8,19.60
2026-10-07T23:02:32.809266+09:00,12.4076,17645,17644,0.0,18328,0.020175,10,19.60
2026-10-07T23:02:32.829303+09:00,12.4278,17644,17643,0.0,2128,0.020196,8,19.60
2026-10-07T23:02:32.829445+09:00,12.4278,17645,17644,0.0,18328,0.020196,10,19.60
2026-10-07T23:02:32.850267+09:00,12.4481,17644,17643,0.0,2128,0.020365,8,19.60
2026-10-07T23:02:32.850405+09:00,12.4481,17645,17644,0.0,18328,0.020365,10,19.60
2026-10-07T23:02:32.871659+09:00,12.4695,17644,17643,0.0,2128,0.021321,8,19.60
2026-10-07T23:02:32.871799+09:00,12.4695,17645,17644,0.0,18328,0.021321,10,19.60
2026-10-07T23:02:32.891822+09:00,12.4901,17644,17643,0.0,2128,0.020624,8,19.60
2026-10-07T23:02:32.891982+09:00,12.4901,17645,17644,0.0,18328,0.020624,10,19.60
2026-10-07T23:02:32.913418+09:00,12.5112,17644,17643,0.0,2128,0.021153,8,19.60
2026-10-07T23:02:32.913557+09:00,12.5112,17645,17644,0.0,18328,0.021153,10,19.60
2026-10-07T23:02:32.934715+09:00,12.5326,17644,17643,0.0,2128,0.021348,8,19.60
2026-10-07T23:02:32.934851+09:00,12.5326,17645,17644,0.0,18328,0.021348,10,19.60
2026-10-07T23:02:32.955195+09:00,12.5533,17644,17643,0.0,2128,0.020744,8,19.60
2026-10-07T23:02:32.955334+09:00,12.5533,17645,17644,0.0,18328,0.020744,10,19.60
2026-10-07T23:02:32.976483+09:00,12.5746,17644,17643,0.0,2128,0.021296,8,19.60
2026-10-07T23:02:32.976623+09:00,12.5746,17645,17644,0.0,18328,0.021296,10,19.60
2026-10-07T23:02:32.996435+09:00,12.5949,17644,17643,0.0,2128,0.020259,8,19.60
2026-10-07T23:02:32.996546+09:00,12.5949,17645,17644,0.0,18328,0.020259,10,19.60
2026-10-07T23:02:33.017707+09:00,12.6154,17644,17643,0.0,2128,0.020534,8,19.60
2026-10-07T23:02:33.017847+09:00,12.6154,17645,17644,0.0,18328,0.020534,10,19.60
2026-10-07T23:02:33.038783+09:00,12.6366,17644,17643,0.0,2128,0.021212,8,19.60
2026-10-07T23:02:33.038971+09:00,12.6366,17645,17644,0.0,18328,0.021212,10,19.60
2026-10-07T23:02:33.058635+09:00,12.657,17644,17643,0.0,2128,0.020373,8,19.60
2026-10-07T23:02:33.058745+09:00,12.657,17645,17644,0.0,18328,0.020373,10,19.60
2026-10-07T23:02:33.080502+09:00,12.6783,17644,17643,0.0,2128,0.021338,8,19.60
2026-10-07T23:02:33.080640+09:00,12.6783,17645,17644,0.0,18328,0.021338,10,19.60
2026-10-07T23:02:33.101483+09:00,12.6993,17644,17643,0.0,2128,0.020991,8,19.60
2026-10-07T23:02:33.101621+09:00,12.6993,17645,17644,0.0,18328,0.020991,10,19.60
2026-10-07T23:02:33.122096+09:00,12.7201,17644,17643,0.0,2128,0.020766,8,19.60
2026-10-07T23:02:33.122239+09:00,12.7201,17645,17644,0.0,18328,0.020766,10,19.60
2026-10-07T23:02:33.142020+09:00,12.7404,17644,17643,0.0,2128,0.020306,8,19.60
2026-10-07T23:02:33.142132+09:00,12.7404,17645,17644,0.0,18328,0.020306,10,19.60
2026-10-07T23:02:33.161866+09:00,12.7606,17644,17643,0.0,2128,0.02023,8,19.60
2026-10-07T23:02:33.161973+09:00,12.7606,17645,17644,0.0,18328,0.02023,10,19.60
2026-10-07T23:02:33.184179+09:00,12.782,17644,17643,0.0,2128,0.02135,8,19.60
2026-10-07T23:02:33.184317+09:00,12.782,17645,17644,0.0,18328,0.02135,10,19.60
2026-10-07T23:02:33.205530+09:00,12.8034,17644,17643,0.0,2128,0.021362,8,19.60
2026-10-07T23:02:33.205668+09:00,12.8034,17645,17644,0.0,18328,0.021362,10,19.60
2026-10-07T23:02:33.225019+09:00,12.8236,17644,17643,0.0,2128,0.020252,8,19.60
2026-10-07T23:02:33.225134+09:00,12.8236,17645,17644,0.0,18328,0.020252,10,19.60
2026-10-07T23:02:33.247144+09:00,12.8449,17644,17643,0.0,2128,0.021342,8,19.60
2026-10-07T23:02:33.247284+09:00,12.8449,17645,17644,0.0,18328,0.021342,10,19.60
2026-10-07T23:02:33.268439+09:00,12.8663,17644,17643,0.0,2128,0.021336,8,19.60
2026-10-07T23:02:33.268578+09:00,12.8663,17645,17644,0.0,18328,0.021336,10,19.60
2026-10-07T23:02:33.289736+09:00,12.8875,17644,17643,0.0,2128,0.02119,8,19.60
2026-10-07T23:02:33.289895+09:00,12.8875,17645,17644,0.0,18328,0.02119,10,19.60
2026-10-07T23:02:33.310989+09:00,12.9088,17644,17643,0.0,2128,0.021342,8,19.60
2026-10-07T23:02:33.311133+09:00,12.9088,17645,17644,0.0,18328,0.021342,10,19.60
2026-10-07T23:02:33.331782+09:00,12.93,17644,17643,0.0,2128,0.021189,8,19.60
2026-10-07T23:02:33.331973+09:00,12.93,17645,17644,0.0,18328,0.021189,10,19.60
2026-10-07T23:02:33.353445+09:00,12.9513,17644,17643,0.0,2128,0.021327,8,19.60
2026-10-07T23:02:33.353577+09:00,12.9513,17645,17644,0.0,18328,0.021327,10,19.60
2026-10-07T23:02:33.373404+09:00,12.9716,17644,17643,0.0,2128,0.020229,8,19.60
2026-10-07T23:02:33.373542+09:00,12.9716,17645,17644,0.0,18328,0.020229,10,19.60
2026-10-07T23:02:33.393508+09:00,12.9922,17644,17643,0.0,2128,0.0206,8,19.60
2026-10-07T23:02:33.393618+09:00,12.9922,17645,17644,0.0,18328,0.0206,10,19.60
2026-10-07T23:02:33.415614+09:00,13.0135,17644,17643,0.0,2128,0.021331,8,19.60
2026-10-07T23:02:33.415749+09:00,13.0135,17645,17644,0.0,18328,0.021331,10,19.60
2026-10-07T23:02:33.437016+09:00,13.0348,17644,17643,0.0,2128,0.021332,8,19.60
2026-10-07T23:02:33.437159+09:00,13.0348,17645,17644,0.0,18328,0.021332,10,19.60
2026-10-07T23:02:33.457664+09:00,13.056,17644,17643,0.0,2128,0.021173,8,19.60
2026-10-07T23:02:33.457776+09:00,13.056,17645,17644,0.0,18328,0.021173,10,19.60
2026-10-07T23:02:33.478966+09:00,13.0768,17644,17643,0.0,2128,0.020811,8,19.60
2026-10-07T23:02:33.479113+09:00,13.0768,17645,17644,0.0,18328,0.020811,10,19.60
2026-10-07T23:02:33.499462+09:00,13.0976,17644,17643,0.0,2128,0.020781,8,19.60
2026-10-07T23:02:33.499602+09:00,13.0976,17645,17644,0.0,18328,0.020781,10,19.60
2026-10-07T23:02:33.521185+09:00,13.1189,17644,17643,0.0,2128,0.021334,8,19.60
2026-10-07T23:02:33.521329+09:00,13.1189,17645,17644,0.0,18328,0.021334,10,19.60
2026-10-07T23:02:33.542418+09:00,13.1403,17644,17643,0.0,2128,0.02134,8,19.60
2026-10-07T23:02:33.542556+09:00,13.1403,17645,17644,0.0,18328,0.02134,10,19.60
2026-10-07T23:02:33.563666+09:00,13.1615,17644,17643,0.0,2128,0.021208,8,19.60
2026-10-07T23:02:33.563801+09:00,13.1615,17645,17644,0.0,18328,0.021208,10,19.60
2026-10-07T23:02:33.584783+09:00,13.1828,17644,17643,0.0,2128,0.021309,8,19.60
2026-10-07T23:02:33.584952+09:00,13.1828,17645,17644,0.0,18328,0.021309,10,19.60
2026-10-07T23:02:33.605176+09:00,13.2035,17644,17643,0.0,2128,0.020758,8,19.60
2026-10-07T23:02:33.605351+09:00,13.2035,17645,17644,0.0,18328,0.020758,10,19.60
2026-10-07T23:02:33.627086+09:00,13.2249,17644,17643,0.0,2128,0.021335,8,19.60
2026-10-07T23:02:33.627227+09:00,13.2249,17645,17644,0.0,18328,0.021335,10,19.60
2026-10-07T23:02:33.648258+09:00,13.2462,17644,17643,0.0,2128,0.021328,8,19.60
2026-10-07T23:02:33.648386+09:00,13.2462,17645,17644,0.0,18328,0.021328,10,19.60
2026-10-07T23:02:33.669672+09:00,13.2675,17644,17643,0.0,2128,0.021329,8,19.60
2026-10-07T23:02:33.669809+09:00,13.2675,17645,17644,0.0,18328,0.021329,10,19.60
2026-10-07T23:02:33.689815+09:00,13.2887,17644,17643,0.0,2128,0.021192,8,19.60
2026-10-07T23:02:33.689956+09:00,13.2887,17645,17644,0.0,18328,0.021192,10,19.60
2026-10-07T23:02:33.712201+09:00,13.31,17644,17643,0.0,2128,0.021323,8,19.60
2026-10-07T23:02:33.712375+09:00,13.31,17645,17644,0.0,18328,0.021323,10,19.60
2026-10-07T23:02:33.732369+09:00,13.3308,17644,17643,0.0,2128,0.020758,8,19.60
2026-10-07T23:02:33.732503+09:00,13.3308,17645,17644,0.0,18328,0.020758,10,19.60
2026-10-07T23:02:33.754125+09:00,13.3521,17644,17643,0.0,2128,0.021307,8,19.60
2026-10-07T23:02:33.754255+09:00,13.3521,17645,17644,0.0,18328,0.021307,10,19.60
2026-10-07T23:02:33.775214+09:00,13.3731,17644,17643,0.0,2128,0.021026,8,19.60
2026-10-07T23:02:33.775347+09:00,13.3731,17645,17644,0.0,18328,0.021026,10,19.60
2026-10-07T23:02:33.795178+09:00,13.3936,17644,17643,0.0,2128,0.020475,8,19.60
2026-10-07T23:02:33.795298+09:00,13.3936,17645,17644,0.0,18328,0.020475,10,19.60
2026-10-07T23:02:33.817060+09:00,13.4149,17644,17643,0.0,2128,0.021328,8,19.60
2026-10-07T23:02:33.817190+09:00,13.4149,17645,17644,0.0,18328,0.021328,10,19.60
2026-10-07T23:02:33.838072+09:00,13.4359,17644,17643,0.0,2128,0.020932,8,19.60
2026-10-07T23:02:33.838209+09:00,13.4359,17645,17644,0.0,18328,0.020932,10,19.60
2026-10-07T23:02:33.857467+09:00,13.456,17644,17643,0.0,2128,0.020157,8,19.60
2026-10-07T23:02:33.857630+09:00,13.456,17645,17644,0.0,18328,0.020157,10,19.60
2026-10-07T23:02:33.879122+09:00,13.4771,17644,17643,0.0,2128,0.021084,8,19.60
2026-10-07T23:02:33.879251+09:00,13.4771,17645,17644,0.0,18328,0.021084,10,19.60
2026-10-07T23:02:33.899360+09:00,13.4975,17644,17643,0.0,2128,0.020392,8,19.60
2026-10-07T23:02:33.899496+09:00,13.4975,17645,17644,0.0,18328,0.020392,10,19.60
2026-10-07T23:02:33.921145+09:00,13.5189,17644,17643,0.0,2128,0.021349,8,19.60
2026-10-07T23:02:33.921288+09:00,13.5189,17645,17644,0.0,18328,0.021349,10,19.60
2026-10-07T23:02:33.941251+09:00,13.5398,17644,17643,0.0,2128,0.020915,8,19.60
2026-10-07T23:02:33.941363+09:00,13.5398,17645,17644,0.0,18328,0.020915,10,19.60
2026-10-07T23:02:33.961203+09:00,13.5599,17644,17643,0.0,2128,0.020176,8,19.60
2026-10-07T23:02:33.961308+09:00,13.5599,17645,17644,0.0,18328,0.020176,10,19.60
2026-10-07T23:02:33.981475+09:00,13.5802,17644,17643,0.0,2128,0.020223,8,19.60
2026-10-07T23:02:33.981585+09:00,13.5802,17645,17644,0.0,18328,0.020223,10,19.60
2026-10-07T23:02:34.003178+09:00,13.6014,17644,17643,0.0,2128,0.021209,8,19.60
2026-10-07T23:02:34.003316+09:00,13.6014,17645,17644,0.0,18328,0.021209,10,19.60
2026-10-07T23:02:34.024038+09:00,13.6224,17644,17643,0.0,2128,0.020981,8,19.60
2026-10-07T23:02:34.024153+09:00,13.6224,17645,17644,0.0,18328,0.020981,10,19.60
2026-10-07T23:02:34.045755+09:00,13.6436,17644,17643,0.0,2128,0.02128,8,19.60
2026-10-07T23:02:34.045904+09:00,13.6436,17645,17644,0.0,18328,0.02128,10,19.60
2026-10-07T23:02:34.066177+09:00,13.6642,17644,17643,0.0,2128,0.020599,8,19.60
2026-10-07T23:02:34.066317+09:00,13.6642,17645,17644,0.0,18328,0.020599,10,19.60
2026-10-07T23:02:34.087757+09:00,13.6856,17644,17643,0.0,2128,0.021336,8,19.60
2026-10-07T23:02:34.088008+09:00,13.6856,17645,17644,0.0,18328,0.021336,10,19.60
2026-10-07T23:02:34.107517+09:00,13.7059,17644,17643,0.0,2128,0.020293,8,19.60
2026-10-07T23:02:34.107686+09:00,13.7059,17645,17644,0.0,18328,0.020293,10,19.60
2026-10-07T23:02:34.129526+09:00,13.7272,17644,17643,0.0,2128,0.021309,8,19.60
2026-10-07T23:02:34.129665+09:00,13.7272,17645,17644,0.0,18328,0.021309,10,19.60
2026-10-07T23:02:34.150664+09:00,13.7485,17644,17643,0.0,2128,0.02134,8,19.60
2026-10-07T23:02:34.150802+09:00,13.7485,17645,17644,0.0,18328,0.02134,10,19.60
2026-10-07T23:02:34.171029+09:00,13.7687,17644,17643,0.0,2128,0.020211,8,19.60
2026-10-07T23:02:34.171170+09:00,13.7687,17645,17644,0.0,18328,0.020211,10,19.60
2026-10-07T23:02:34.191349+09:00,13.7899,17644,17643,0.0,2128,0.021206,8,19.60
2026-10-07T23:02:34.191451+09:00,13.7899,17645,17644,0.0,18328,0.021206,10,19.60
2026-10-07T23:02:34.212246+09:00,13.8103,17644,17643,0.0,2128,0.020329,8,19.60
2026-10-07T23:02:34.212368+09:00,13.8103,17645,17644,0.0,18328,0.020329,10,19.60
2026-10-07T23:02:34.232445+09:00,13.8312,17644,17643,0.0,2128,0.020919,8,19.60
2026-10-07T23:02:34.232548+09:00,13.8312,17645,17644,0.0,18328,0.020919,10,19.60
2026-10-07T23:02:34.253709+09:00,13.8525,17644,17643,0.0,2128,0.021326,8,19.60
2026-10-07T23:02:34.253809+09:00,13.8525,17645,17644,0.0,18328,0.021326,10,19.60
2026-10-07T23:02:34.275999+09:00,13.8738,17644,17643,0.0,2128,0.021336,8,19.60
2026-10-07T23:02:34.276223+09:00,13.8738,17645,17644,0.0,18328,0.021336,10,19.60
2026-10-07T23:02:34.297406+09:00,13.8943,17644,17643,0.0,2128,0.02043,8,19.60
2026-10-07T23:02:34.297517+09:00,13.8943,17645,17644,0.0,18328,0.02043,10,19.60
2026-10-07T23:02:34.317742+09:00,13.9156,17644,17643,0.0,2128,0.021318,8,19.60
2026-10-07T23:02:34.317878+09:00,13.9156,17645,17644,0.0,18328,0.021318,10,19.60
2026-10-07T23:02:34.339019+09:00,13.9369,17644,17643,0.0,2128,0.021305,8,19.60
2026-10-07T23:02:34.339155+09:00,13.9369,17645,17644,0.0,18328,0.021305,10,19.60
2026-10-07T23:02:34.360494+09:00,13.9582,17644,17643,0.0,2128,0.021311,8,19.60
2026-10-07T23:02:34.360691+09:00,13.9582,17645,17644,0.0,18328,0.021311,10,19.60
2026-10-07T23:02:34.381001+09:00,13.9793,17644,17643,0.0,2128,0.021108,8,19.60
2026-10-07T23:02:34.381137+09:00,13.9793,17645,17644,0.0,18328,0.021108,10,19.60
2026-10-07T23:02:34.402024+09:00,13.9999,17644,17643,0.0,2128,0.020569,8,19.60
2026-10-07T23:02:34.402160+09:00,13.9999,17645,17644,0.0,18328,0.020569,10,19.60
2026-10-07T23:02:34.422480+09:00,14.0204,17644,17643,0.0,2128,0.020488,8,19.60
2026-10-07T23:02:34.422613+09:00,14.0204,17645,17644,0.0,18328,0.020488,10,19.60
2026-10-07T23:02:34.442679+09:00,14.041,17644,17643,0.0,2128,0.020647,8,19.60
2026-10-07T23:02:34.442793+09:00,14.041,17645,17644,0.0,18328,0.020647,10,19.60
2026-10-07T23:02:34.462616+09:00,14.0614,17644,17643,0.0,2128,0.020383,8,19.60
2026-10-07T23:02:34.462718+09:00,14.0614,17645,17644,0.0,18328,0.020383,10,19.60
2026-10-07T23:02:34.484997+09:00,14.0828,17644,17643,0.0,2128,0.021356,8,19.60
2026-10-07T23:02:34.485144+09:00,14.0828,17645,17644,0.0,18328,0.021356,10,19.60
2026-10-07T23:02:34.505993+09:00,14.1038,17644,17643,0.0,2128,0.020997,8,19.60
2026-10-07T23:02:34.506142+09:00,14.1038,17645,17644,0.0,18328,0.020997,10,19.60
2026-10-07T23:02:34.526106+09:00,14.1248,17644,17643,0.0,2128,0.021028,8,19.60
2026-10-07T23:02:34.526208+09:00,14.1248,17645,17644,0.0,18328,0.021028,10,19.60
2026-10-07T23:02:34.547267+09:00,14.1453,17644,17643,0.0,2128,0.020535,8,19.60
2026-10-07T23:02:34.547379+09:00,14.1453,17645,17644,0.0,18328,0.020535,10,19.60
2026-10-07T23:02:34.567015+09:00,14.1658,17644,17643,0.0,2128,0.020477,8,19.60
2026-10-07T23:02:34.567127+09:00,14.1658,17645,17644,0.0,18328,0.020477,10,19.60
2026-10-07T23:02:34.589251+09:00,14.1871,17644,17643,0.0,2128,0.021305,8,19.60
2026-10-07T23:02:34.589389+09:00,14.1871,17645,17644,0.0,18328,0.021305,10,19.60
2026-10-07T23:02:34.612001+09:00,14.2084,17644,17643,0.0,2128,0.021334,8,19.60
2026-10-07T23:02:34.612180+09:00,14.2084,17645,17644,0.0,18328,0.021334,10,19.60
2026-10-07T23:02:34.630004+09:00,14.2286,17644,17643,0.0,2128,0.020176,8,19.60
2026-10-07T23:02:34.630110+09:00,14.2286,17645,17644,0.0,18328,0.020176,10,19.60
2026-10-07T23:02:34.650678+09:00,14.249,17644,17643,0.0,2128,0.02035,8,19.60
2026-10-07T23:02:34.650814+09:00,14.249,17645,17644,0.0,18328,0.02035,10,19.60
2026-10-07T23:02:34.671545+09:00,14.2694,17644,17643,0.0,2128,0.020432,8,19.60
2026-10-07T23:02:34.671682+09:00,14.2694,17645,17644,0.0,18328,0.020432,10,19.60
2026-10-07T23:02:34.692139+09:00,14.2907,17644,17643,0.0,2128,0.021293,8,19.60
2026-10-07T23:02:34.692249+09:00,14.2907,17645,17644,0.0,18328,0.021293,10,19.60
2026-10-07T23:02:34.713540+09:00,14.3109,17644,17643,0.0,2128,0.020216,8,19.60
2026-10-07T23:02:34.713679+09:00,14.3109,17645,17644,0.0,18328,0.020216,10,19.60
2026-10-07T23:02:34.734379+09:00,14.3323,17644,17643,0.0,2128,0.021356,8,19.60
2026-10-07T23:02:34.734516+09:00,14.3323,17645,17644,0.0,18328,0.021356,10,19.60
2026-10-07T23:02:34.755781+09:00,14.3536,17644,17643,0.0,2128,0.02138,8,19.60
2026-10-07T23:02:34.755971+09:00,14.3536,17645,17644,0.0,18328,0.02138,10,19.60
2026-10-07T23:02:34.776087+09:00,14.3748,17644,17643,0.0,2128,0.02121,8,19.60
2026-10-07T23:02:34.776200+09:00,14.3748,17645,17644,0.0,18328,0.02121,10,19.60
2026-10-07T23:02:34.797291+09:00,14.3958,17644,17643,0.0,2128,0.020949,8,19.60
2026-10-07T23:02:34.797402+09:00,14.3958,17645,17644,0.0,18328,0.020949,10,19.60
2026-10-07T23:02:34.819283+09:00,14.4171,17644,17643,0.0,2128,0.021343,8,19.60
2026-10-07T23:02:34.819421+09:00,14.4171,17645,17644,0.0,18328,0.021343,10,19.60
2026-10-07T23:02:34.840240+09:00,14.4383,17644,17643,0.0,2128,0.021197,8,19.60
2026-10-07T23:02:34.840383+09:00,14.4383,17645,17644,0.0,18328,0.021197,10,19.60
2026-10-07T23:02:34.862414+09:00,14.4598,17644,17643,0.0,2128,0.021424,8,19.60
2026-10-07T23:02:34.862549+09:00,14.4598,17645,17644,0.0,18328,0.021424,10,19.60
2026-10-07T23:02:34.881762+09:00,14.4802,17644,17643,0.0,2128,0.020404,8,19.60
2026-10-07T23:02:34.881878+09:00,14.4802,17645,17644,0.0,18328,0.020404,10,19.60
2026-10-07T23:02:34.903680+09:00,14.5015,17644,17643,0.0,2128,0.021351,8,19.60
2026-10-07T23:02:34.903819+09:00,14.5015,17645,17644,0.0,18328,0.021351,10,19.60
2026-10-07T23:02:34.925062+09:00,14.5229,17644,17643,0.0,2128,0.021344,8,19.60
2026-10-07T23:02:34.925204+09:00,14.5229,17645,17644,0.0,18328,0.021344,10,19.60
2026-10-07T23:02:34.946162+09:00,14.544,17644,17643,0.0,2128,0.021183,8,19.60
2026-10-07T23:02:34.946306+09:00,14.544,17645,17644,0.0,18328,0.021183,10,19.60
2026-10-07T23:02:34.966607+09:00,14.5644,17644,17643,0.0,2128,0.020407,8,19.60
2026-10-07T23:02:34.966745+09:00,14.5644,17645,17644,0.0,18328,0.020407,10,19.60
2026-10-07T23:02:34.986648+09:00,14.5847,17644,17643,0.0,2128,0.020258,8,19.60
2026-10-07T23:02:34.986785+09:00,14.5847,17645,17644,0.0,18328,0.020258,10,19.60
2026-10-07T23:02:35.008161+09:00,14.6061,17644,17643,0.0,2128,0.021346,8,19.60
2026-10-07T23:02:35.008300+09:00,14.6061,17645,17644,0.0,18328,0.021346,10,19.60
2026-10-07T23:02:35.028231+09:00,14.6263,17644,17643,0.0,2128,0.020296,8,19.60
2026-10-07T23:02:35.028346+09:00,14.6263,17645,17644,0.0,18328,0.020296,10,19.60
2026-10-07T23:02:35.049417+09:00,14.6475,17644,17643,0.0,2128,0.021139,8,19.60
2026-10-07T23:02:35.049557+09:00,14.6475,17645,17644,0.0,18328,0.021139,10,19.60
2026-10-07T23:02:35.069238+09:00,14.6682,17644,17643,0.0,2128,0.020673,8,26.57
2026-10-07T23:02:35.069340+09:00,14.6682,17645,17644,96.743,18328,0.020673,12,26.57
2026-10-07T23:02:35.090604+09:00,14.6884,17644,17643,0.0,2128,0.02026,8,26.57
2026-10-07T23:02:35.090753+09:00,14.6884,17645,17644,49.359,18328,0.02026,13,26.57
2026-10-07T23:02:35.111987+09:00,14.7098,17644,17643,0.0,2128,0.021356,8,26.57
2026-10-07T23:02:35.112204+09:00,14.7098,17645,17644,0.0,18328,0.021356,13,26.57
2026-10-07T23:02:35.132639+09:00,14.7308,17644,17643,0.0,2128,0.021061,8,26.57
2026-10-07T23:02:35.132776+09:00,14.7308,17645,17644,0.0,18328,0.021061,13,26.57
2026-10-07T23:02:35.154237+09:00,14.7521,17644,17643,0.0,2128,0.021265,8,26.57
2026-10-07T23:02:35.154378+09:00,14.7521,17645,17644,0.0,18328,0.021265,13,26.57
2026-10-07T23:02:35.175599+09:00,14.7734,17644,17643,0.0,2128,0.021343,8,26.57
2026-10-07T23:02:35.175777+09:00,14.7734,17645,17644,0.0,18328,0.021343,13,26.57
2026-10-07T23:02:35.196493+09:00,14.7942,17644,17643,0.0,2128,0.020736,8,26.57
2026-10-07T23:02:35.196633+09:00,14.7942,17645,17644,0.0,18328,0.020736,13,26.57
2026-10-07T23:02:35.217672+09:00,14.8155,17644,17643,0.0,2128,0.021356,8,26.57
2026-10-07T23:02:35.217808+09:00,14.8155,17645,17644,0.0,18328,0.021356,13,26.57
2026-10-07T23:02:35.238986+09:00,14.8369,17644,17643,0.0,2128,0.021328,8,26.57
2026-10-07T23:02:35.239126+09:00,14.8369,17645,17644,0.0,18328,0.021328,13,26.57
2026-10-07T23:02:35.260252+09:00,14.8582,17644,17643,0.0,2128,0.021314,8,26.57
2026-10-07T23:02:35.260397+09:00,14.8582,17645,17644,0.0,18328,0.021314,13,26.57
2026-10-07T23:02:35.280635+09:00,14.8791,17644,17643,0.0,2128,0.020897,8,26.57
2026-10-07T23:02:35.280796+09:00,14.8791,17645,17644,0.0,18328,0.020897,13,26.57
2026-10-07T23:02:35.302552+09:00,14.9004,17644,17643,0.0,2128,0.021347,8,26.57
2026-10-07T23:02:35.302688+09:00,14.9004,17645,17644,0.0,18328,0.021347,13,26.57
2026-10-07T23:02:35.322979+09:00,14.9208,17644,17643,0.0,2128,0.020402,8,26.57
2026-10-07T23:02:35.323129+09:00,14.9208,17645,17644,0.0,18328,0.020402,13,26.57
2026-10-07T23:02:35.344537+09:00,14.9422,17644,17643,0.0,2128,0.021357,8,26.57
2026-10-07T23:02:35.344679+09:00,14.9422,17645,17644,0.0,18328,0.021357,13,26.57
2026-10-07T23:02:35.365324+09:00,14.9635,17644,17643,0.0,2128,0.021294,8,26.57
2026-10-07T23:02:35.365459+09:00,14.9635,17645,17644,0.0,18328,0.021294,13,26.57
2026-10-07T23:02:35.386988+09:00,14.9848,17644,17643,0.0,2128,0.02135,8,26.57
2026-10-07T23:02:35.387132+09:00,14.9848,17645,17644,0.0,18328,0.02135,13,26.57
2026-10-07T23:02:35.408291+09:00,15.0062,17644,17643,0.0,2128,0.021348,8,26.57
2026-10-07T23:02:35.408428+09:00,15.0062,17645,17644,0.0,18328,0.021348,13,26.57
2026-10-07T23:02:35.429782+09:00,15.0275,17644,17643,0.0,2128,0.021314,8,26.57
2026-10-07T23:02:35.429947+09:00,15.0275,17645,17644,0.0,18328,0.021314,13,26.57
2026-10-07T23:02:35.450993+09:00,15.0488,17644,17643,0.0,2128,0.021355,8,26.57
2026-10-07T23:02:35.451136+09:00,15.0488,17645,17644,0.0,18328,0.021355,13,26.57
2026-10-07T23:02:35.472393+09:00,15.0702,17644,17643,0.0,2128,0.021397,8,26.57
2026-10-07T23:02:35.472531+09:00,15.0702,17645,17644,0.0,18328,0.021397,13,26.57
2026-10-07T23:02:35.493719+09:00,15.0916,17644,17643,0.0,2128,0.021357,8,26.57
2026-10-07T23:02:35.493857+09:00,15.0916,17645,17644,0.0,18328,0.021357,13,26.57
2026-10-07T23:02:35.515093+09:00,15.1129,17644,17643,0.0,2128,0.021322,8,26.57
2026-10-07T23:02:35.515231+09:00,15.1129,17645,17644,0.0,18328,0.021322,13,26.57
2026-10-07T23:02:35.536341+09:00,15.1343,17644,17643,0.0,2128,0.021338,8,26.57
2026-10-07T23:02:35.536475+09:00,15.1343,17645,17644,0.0,18328,0.021338,13,26.57
2026-10-07T23:02:35.557716+09:00,15.1556,17644,17643,0.0,2128,0.02133,8,26.57
2026-10-07T23:02:35.557852+09:00,15.1556,17645,17644,0.0,18328,0.02133,13,26.57
2026-10-07T23:02:35.578435+09:00,15.1763,17644,17643,0.0,2128,0.020733,8,26.57
2026-10-07T23:02:35.578603+09:00,15.1763,17645,17644,0.0,18328,0.020733,13,26.57
2026-10-07T23:02:35.598647+09:00,15.1975,17644,17643,0.0,2128,0.021176,8,26.57
2026-10-07T23:02:35.598748+09:00,15.1975,17645,17644,0.0,18328,0.021176,13,26.57
2026-10-07T23:02:35.619828+09:00,15.2183,17644,17643,0.0,2128,0.020806,8,26.57
2026-10-07T23:02:35.620023+09:00,15.2183,17645,17644,0.0,18328,0.020806,13,26.57
2026-10-07T23:02:35.641213+09:00,15.239,17644,17643,0.0,2128,0.02065,8,26.57
2026-10-07T23:02:35.641350+09:00,15.239,17645,17644,0.0,18328,0.02065,13,26.57
2026-10-07T23:02:35.662836+09:00,15.2603,17644,17643,0.0,2128,0.021303,8,26.57
2026-10-07T23:02:35.663037+09:00,15.2603,17645,17644,0.0,18328,0.021303,13,26.57
2026-10-07T23:02:35.682483+09:00,15.2809,17644,17643,0.0,2128,0.020653,8,26.57
2026-10-07T23:02:35.682594+09:00,15.2809,17645,17644,0.0,18328,0.020653,13,26.57
2026-10-07T23:02:35.703532+09:00,15.3014,17644,17643,0.0,2128,0.020509,8,26.57
2026-10-07T23:02:35.703669+09:00,15.3014,17645,17644,0.0,18328,0.020509,13,26.57
2026-10-07T23:02:35.724399+09:00,15.3226,17644,17643,0.0,2128,0.021212,8,26.57
2026-10-07T23:02:35.724535+09:00,15.3226,17645,17644,0.0,18328,0.021212,13,26.57
2026-10-07T23:02:35.744037+09:00,15.3428,17644,17643,0.0,2128,0.020189,8,26.57
2026-10-07T23:02:35.744152+09:00,15.3428,17645,17644,0.0,18328,0.020189,13,26.57
2026-10-07T23:02:35.766281+09:00,15.3642,17644,17643,0.0,2128,0.02139,8,26.57
2026-10-07T23:02:35.766417+09:00,15.3642,17645,17644,0.0,18328,0.02139,13,26.57
2026-10-07T23:02:35.786596+09:00,15.3845,17644,17643,0.0,2128,0.0203,8,26.57
2026-10-07T23:02:35.786739+09:00,15.3845,17645,17644,0.0,18328,0.0203,13,26.57
2026-10-07T23:02:35.808010+09:00,15.4058,17644,17643,0.0,2128,0.021337,8,26.57
2026-10-07T23:02:35.808151+09:00,15.4058,17645,17644,0.0,18328,0.021337,13,26.57
2026-10-07T23:02:35.829350+09:00,15.4269,17644,17643,0.0,2128,0.02105,8,26.57
2026-10-07T23:02:35.829488+09:00,15.4269,17645,17644,0.0,18328,0.02105,13,26.57
2026-10-07T23:02:35.849777+09:00,15.4479,17644,17643,0.0,2128,0.020987,8,26.57
2026-10-07T23:02:35.849962+09:00,15.4479,17645,17644,0.0,18328,0.020987,13,26.57
2026-10-07T23:02:35.871346+09:00,15.4692,17644,17643,0.0,2128,0.021347,8,26.57
2026-10-07T23:02:35.871482+09:00,15.4692,17645,17644,0.0,18328,0.021347,13,26.57
2026-10-07T23:02:35.892684+09:00,15.4906,17644,17643,0.0,2128,0.021327,8,26.57
2026-10-07T23:02:35.892821+09:00,15.4906,17645,17644,0.0,18328,0.021327,13,26.57
2026-10-07T23:02:35.913243+09:00,15.5109,17644,17643,0.0,2128,0.020377,8,26.57
2026-10-07T23:02:35.913381+09:00,15.5109,17645,17644,0.0,18328,0.020377,13,26.57
2026-10-07T23:02:35.934379+09:00,15.5323,17644,17643,0.0,2128,0.021338,8,26.57
2026-10-07T23:02:35.934514+09:00,15.5323,17645,17644,0.0,18328,0.021338,13,26.57
2026-10-07T23:02:35.954678+09:00,15.5525,17644,17643,0.0,2128,0.020253,8,26.57
2026-10-07T23:02:35.954816+09:00,15.5525,17645,17644,0.0,18328,0.020253,13,26.57
2026-10-07T23:02:35.976068+09:00,15.5739,17644,17643,0.0,2128,0.021343,8,26.57
2026-10-07T23:02:35.976206+09:00,15.5739,17645,17644,0.0,18328,0.021343,13,26.57
2026-10-07T23:02:35.996444+09:00,15.5941,17644,17643,0.0,2128,0.020266,8,26.57
2026-10-07T23:02:35.996583+09:00,15.5941,17645,17644,0.0,18328,0.020266,13,26.57
2026-10-07T23:02:36.016666+09:00,15.6145,17644,17643,0.0,2128,0.020415,8,26.57
2026-10-07T23:02:36.016800+09:00,15.6145,17645,17644,0.0,18328,0.020415,13,26.57
2026-10-07T23:02:36.038058+09:00,15.6359,17644,17643,0.0,2128,0.021341,8,26.57
2026-10-07T23:02:36.038197+09:00,15.6359,17645,17644,0.0,18328,0.021341,13,26.57
2026-10-07T23:02:36.058332+09:00,15.6562,17644,17643,0.0,2128,0.020314,8,26.57
2026-10-07T23:02:36.058470+09:00,15.6562,17645,17644,0.0,18328,0.020314,13,26.57
2026-10-07T23:02:36.079470+09:00,15.677,17644,17643,0.0,2128,0.020786,8,26.57
2026-10-07T23:02:36.079632+09:00,15.677,17645,17644,0.0,18328,0.020786,13,26.57
2026-10-07T23:02:36.099234+09:00,15.6976,17644,17643,0.0,2128,0.02065,8,26.57
2026-10-07T23:02:36.099344+09:00,15.6976,17645,17644,0.0,18328,0.02065,13,26.57
2026-10-07T23:02:36.121276+09:00,15.719,17644,17643,0.0,2128,0.02137,8,26.57
2026-10-07T23:02:36.121415+09:00,15.719,17645,17644,0.0,18328,0.02137,13,26.57
2026-10-07T23:02:36.142544+09:00,15.7403,17644,17643,0.0,2128,0.021332,8,26.57
2026-10-07T23:02:36.143003+09:00,15.7403,17645,17644,0.0,18328,0.021332,13,26.57
2026-10-07T23:02:36.162566+09:00,15.7612,17644,17643,0.0,2128,0.020831,8,26.57
2026-10-07T23:02:36.162671+09:00,15.7612,17645,17644,0.0,18328,0.020831,13,26.57
2026-10-07T23:02:36.182725+09:00,15.7814,17644,17643,0.0,2128,0.020187,8,26.57
2026-10-07T23:02:36.182857+09:00,15.7814,17645,17644,0.0,18328,0.020187,13,26.57
2026-10-07T23:02:36.204399+09:00,15.8027,17644,17643,0.0,2128,0.021376,8,26.57
2026-10-07T23:02:36.204559+09:00,15.8027,17645,17644,0.0,18328,0.021376,13,26.57
2026-10-07T23:02:36.226173+09:00,15.8241,17644,17643,0.0,2128,0.021334,8,26.57
2026-10-07T23:02:36.226311+09:00,15.8241,17645,17644,0.0,18328,0.021334,13,26.57
2026-10-07T23:02:36.246741+09:00,15.8445,17644,17643,0.0,2128,0.020391,8,26.57
2026-10-07T23:02:36.246966+09:00,15.8445,17645,17644,0.0,18328,0.020391,13,26.57
2026-10-07T23:02:36.267892+09:00,15.8658,17644,17643,0.0,2128,0.021329,8,26.57
2026-10-07T23:02:36.268068+09:00,15.8658,17645,17644,0.0,18328,0.021329,13,26.57
2026-10-07T23:02:36.288726+09:00,15.8866,17644,17643,0.0,2128,0.020784,8,26.57
2026-10-07T23:02:36.288865+09:00,15.8866,17645,17644,0.0,18328,0.020784,13,26.57
2026-10-07T23:02:36.310099+09:00,15.9079,17644,17643,0.0,2128,0.02134,8,26.57
2026-10-07T23:02:36.310282+09:00,15.9079,17645,17644,0.0,18328,0.02134,13,26.57
2026-10-07T23:02:36.331446+09:00,15.9291,17644,17643,0.0,2128,0.021206,8,26.57
2026-10-07T23:02:36.331582+09:00,15.9291,17645,17644,0.0,18328,0.021206,13,26.57
2026-10-07T23:02:36.352466+09:00,15.9504,17644,17643,0.0,2128,0.021305,8,26.57
2026-10-07T23:02:36.352591+09:00,15.9504,17645,17644,0.0,18328,0.021305,13,26.57
2026-10-07T23:02:36.372813+09:00,15.9707,17644,17643,0.0,2128,0.020288,8,26.57
2026-10-07T23:02:36.373001+09:00,15.9707,17645,17644,0.0,18328,0.020288,13,26.57
2026-10-07T23:02:36.394088+09:00,15.9921,17644,17643,0.0,2128,0.021349,8,26.57
2026-10-07T23:02:36.394221+09:00,15.9921,17645,17644,0.0,18328,0.021349,13,26.57
2026-10-07T23:02:36.415548+09:00,16.0134,17644,17643,0.0,2128,0.021344,8,26.57
2026-10-07T23:02:36.415686+09:00,16.0134,17645,17644,0.0,18328,0.021344,13,26.57
2026-10-07T23:02:36.435714+09:00,16.0342,17644,17643,0.0,2128,0.020769,8,26.57
2026-10-07T23:02:36.435825+09:00,16.0342,17645,17644,0.0,18328,0.020769,13,26.57
2026-10-07T23:02:36.455860+09:00,16.0547,17644,17643,0.0,2128,0.020525,8,26.57
2026-10-07T23:02:36.456073+09:00,16.0547,17645,17644,0.0,18328,0.020525,13,26.57
2026-10-07T23:02:36.478238+09:00,16.0761,17644,17643,0.0,2128,0.021391,8,26.57
2026-10-07T23:02:36.478377+09:00,16.0761,17645,17644,0.0,18328,0.021391,13,26.57
2026-10-07T23:02:36.498327+09:00,16.0964,17644,17643,0.0,2128,0.020346,8,26.57
2026-10-07T23:02:36.498496+09:00,16.0964,17645,17644,0.0,18328,0.020346,13,26.57
2026-10-07T23:02:36.520100+09:00,16.1178,17644,17643,0.0,2128,0.021341,8,26.57
2026-10-07T23:02:36.520255+09:00,16.1178,17645,17644,0.0,18328,0.021341,13,26.57
2026-10-07T23:02:36.540066+09:00,16.1385,17644,17643,0.0,2128,0.020693,8,26.57
2026-10-07T23:02:36.540223+09:00,16.1385,17645,17644,0.0,18328,0.020693,13,26.57
2026-10-07T23:02:36.560096+09:00,16.1589,17644,17643,0.0,2128,0.020396,8,26.57
2026-10-07T23:02:36.560219+09:00,16.1589,17645,17644,0.0,18328,0.020396,13,26.57
2026-10-07T23:02:36.580199+09:00,16.1791,17644,17643,0.0,2128,0.020253,8,26.57
2026-10-07T23:02:36.580300+09:00,16.1791,17645,17644,0.0,18328,0.020253,13,26.57
2026-10-07T23:02:36.602498+09:00,16.2004,17644,17643,0.0,2128,0.021238,8,26.57
2026-10-07T23:02:36.602636+09:00,16.2004,17645,17644,0.0,18328,0.021238,13,26.57
2026-10-07T23:02:36.622896+09:00,16.2207,17644,17643,0.0,2128,0.020378,8,26.57
2026-10-07T23:02:36.623081+09:00,16.2207,17645,17644,0.0,18328,0.020378,13,26.57
2026-10-07T23:02:36.643486+09:00,16.2416,17644,17643,0.0,2128,0.020886,8,26.57
2026-10-07T23:02:36.643654+09:00,16.2416,17645,17644,0.0,18328,0.020886,13,26.57
2026-10-07T23:02:36.663115+09:00,16.2618,17644,17643,0.0,2128,0.020176,8,26.57
2026-10-07T23:02:36.663218+09:00,16.2618,17645,17644,0.0,18328,0.020176,13,26.57
2026-10-07T23:02:36.684025+09:00,16.2828,17644,17643,0.0,2128,0.020983,8,26.57
2026-10-07T23:02:36.684129+09:00,16.2828,17645,17644,0.0,18328,0.020983,13,26.57
2026-10-07T23:02:36.706248+09:00,16.3041,17644,17643,0.0,2128,0.021276,8,26.57
2026-10-07T23:02:36.706385+09:00,16.3041,17645,17644,0.0,18328,0.021276,13,26.57
2026-10-07T23:02:36.727247+09:00,16.3253,17644,17643,0.0,2128,0.021293,8,26.57
2026-10-07T23:02:36.727386+09:00,16.3253,17645,17644,0.0,18328,0.021293,13,26.57
2026-10-07T23:02:36.747503+09:00,16.3457,17644,17643,0.0,2128,0.020315,8,26.57
2026-10-07T23:02:36.747641+09:00,16.3457,17645,17644,0.0,18328,0.020315,13,26.57
2026-10-07T23:02:36.769183+09:00,16.367,17644,17643,0.0,2128,0.021349,8,26.57
2026-10-07T23:02:36.769321+09:00,16.367,17645,17644,0.0,18328,0.021349,13,26.57
2026-10-07T23:02:36.789633+09:00,16.3873,17644,17643,0.0,2128,0.020291,8,26.57
2026-10-07T23:02:36.789774+09:00,16.3873,17645,17644,0.0,18328,0.020291,13,26.57
2026-10-07T23:02:36.810755+09:00,16.4086,17644,17643,0.0,2128,0.021329,8,26.57
2026-10-07T23:02:36.810903+09:00,16.4086,17645,17644,0.0,18328,0.021329,13,26.57
2026-10-07T23:02:36.831012+09:00,16.4291,17644,17643,0.0,2128,0.020454,8,26.57
2026-10-07T23:02:36.831157+09:00,16.4291,17645,17644,0.0,18328,0.020454,13,26.57
2026-10-07T23:02:36.851848+09:00,16.4503,17644,17643,0.0,2128,0.021241,8,26.57
2026-10-07T23:02:36.852044+09:00,16.4503,17645,17644,0.0,18328,0.021241,13,26.57
2026-10-07T23:02:36.873046+09:00,16.4708,17644,17643,0.0,2128,0.02045,8,26.57
2026-10-07T23:02:36.873188+09:00,16.4708,17645,17644,0.0,18328,0.02045,13,26.57
2026-10-07T23:02:36.892508+09:00,16.491,17644,17643,0.0,2128,0.020247,8,26.57
2026-10-07T23:02:36.892620+09:00,16.491,17645,17644,0.0,18328,0.020247,13,26.57
2026-10-07T23:02:36.912452+09:00,16.5112,17644,17643,0.0,2128,0.020211,8,26.57
2026-10-07T23:02:36.912557+09:00,16.5112,17645,17644,0.0,18328,0.020211,13,26.57
2026-10-07T23:02:36.932487+09:00,16.5314,17644,17643,0.0,2128,0.020153,8,26.57
2026-10-07T23:02:36.932590+09:00,16.5314,17645,17644,0.0,18328,0.020153,13,26.57
2026-10-07T23:02:36.954633+09:00,16.5525,17644,17643,0.0,2128,0.021134,8,26.57
2026-10-07T23:02:36.954776+09:00,16.5525,17645,17644,0.0,18328,0.021134,13,26.57
2026-10-07T23:02:36.974920+09:00,16.5737,17644,17643,0.0,2128,0.02118,8,26.57
2026-10-07T23:02:36.975059+09:00,16.5737,17645,17644,0.0,18328,0.02118,13,26.57
2026-10-07T23:02:36.995410+09:00,16.5943,17644,17643,0.0,2128,0.020555,8,26.57
2026-10-07T23:02:36.995513+09:00,16.5943,17645,17644,0.0,18328,0.020555,13,26.57
2026-10-07T23:02:37.017732+09:00,16.6156,17644,17643,0.0,2128,0.021363,8,26.57
2026-10-07T23:02:37.017868+09:00,16.6156,17645,17644,0.0,18328,0.021363,13,26.57
2026-10-07T23:02:37.039099+09:00,16.6369,17644,17643,0.0,2128,0.021319,8,26.57
2026-10-07T23:02:37.039236+09:00,16.6369,17645,17644,0.0,18328,0.021319,13,26.57
2026-10-07T23:02:37.059336+09:00,16.6581,17644,17643,0.0,2128,0.021187,8,26.57
2026-10-07T23:02:37.059445+09:00,16.6581,17645,17644,0.0,18328,0.021187,13,26.57
2026-10-07T23:02:37.081552+09:00,16.6795,17644,17643,0.0,2128,0.021334,8,26.57
2026-10-07T23:02:37.081686+09:00,16.6795,17645,17644,0.0,18328,0.021334,13,26.57
2026-10-07T23:02:37.102134+09:00,16.7001,17644,17643,0.0,2128,0.020595,8,26.57
2026-10-07T23:02:37.102272+09:00,16.7001,17645,17644,0.0,18328,0.020595,13,26.57
2026-10-07T23:02:37.122325+09:00,16.7202,17644,17643,0.0,2128,0.02018,8,26.57
2026-10-07T23:02:37.122464+09:00,16.7202,17645,17644,0.0,18328,0.02018,13,26.57
2026-10-07T23:02:37.143703+09:00,16.7416,17644,17643,0.0,2128,0.021335,8,26.57
2026-10-07T23:02:37.143840+09:00,16.7416,17645,17644,0.0,18328,0.021335,13,26.57
2026-10-07T23:02:37.163453+09:00,16.7621,17644,17643,0.0,2128,0.020524,8,26.57
2026-10-07T23:02:37.163555+09:00,16.7621,17645,17644,0.0,18328,0.020524,13,26.57
2026-10-07T23:02:37.184206+09:00,16.7829,17644,17643,0.0,2128,0.020809,8,26.57
2026-10-07T23:02:37.184310+09:00,16.7829,17645,17644,0.0,18328,0.020809,13,26.57
2026-10-07T23:02:37.206261+09:00,16.8041,17644,17643,0.0,2128,0.021231,8,26.57
2026-10-07T23:02:37.206399+09:00,16.8041,17645,17644,0.0,18328,0.021231,13,26.57
2026-10-07T23:02:37.226117+09:00,16.8247,17644,17643,0.0,2128,0.0206,8,26.57
2026-10-07T23:02:37.226228+09:00,16.8247,17645,17644,0.0,18328,0.0206,13,26.57
2026-10-07T23:02:37.248179+09:00,16.8461,17644,17643,0.0,2128,0.021335,8,26.57
2026-10-07T23:02:37.248316+09:00,16.8461,17645,17644,0.0,18328,0.021335,13,26.57
2026-10-07T23:02:37.269523+09:00,16.8674,17644,17643,0.0,2128,0.02133,8,26.57
2026-10-07T23:02:37.269657+09:00,16.8674,17645,17644,0.0,18328,0.02133,13,26.57
2026-10-07T23:02:37.290310+09:00,16.8886,17644,17643,0.0,2128,0.02119,8,26.57
2026-10-07T23:02:37.290468+09:00,16.8886,17645,17644,0.0,18328,0.02119,13,26.57
2026-10-07T23:02:37.312216+09:00,16.91,17644,17643,0.0,2128,0.021379,8,26.57
2026-10-07T23:02:37.312356+09:00,16.91,17645,17644,0.0,18328,0.021379,13,26.57
2026-10-07T23:02:37.333124+09:00,16.931,17644,17643,0.0,2128,0.021045,8,26.57
2026-10-07T23:02:37.333260+09:00,16.931,17645,17644,0.0,18328,0.021045,13,26.57
2026-10-07T23:02:37.354121+09:00,16.9519,17644,17643,0.0,2128,0.020934,8,26.57
2026-10-07T23:02:37.354259+09:00,16.9519,17645,17644,0.0,18328,0.020934,13,26.57
2026-10-07T23:02:37.374418+09:00,16.9726,17644,17643,0.0,2128,0.02065,8,26.57
2026-10-07T23:02:37.374556+09:00,16.9726,17645,17644,0.0,18328,0.02065,13,26.57
2026-10-07T23:02:37.396392+09:00,16.9939,17644,17643,0.0,2128,0.021336,8,26.57
2026-10-07T23:02:37.396533+09:00,16.9939,17645,17644,0.0,18328,0.021336,13,26.57
2026-10-07T23:02:37.416554+09:00,17.0144,17644,17643,0.0,2128,0.020489,8,26.57
2026-10-07T23:02:37.416690+09:00,17.0144,17645,17644,0.0,18328,0.020489,13,26.57
2026-10-07T23:02:37.437901+09:00,17.0358,17644,17643,0.0,2128,0.021334,8,26.57
2026-10-07T23:02:37.438081+09:00,17.0358,17645,17644,0.0,18328,0.021334,13,26.57
2026-10-07T23:02:37.458830+09:00,17.0569,17644,17643,0.0,2128,0.021186,8,26.57
2026-10-07T23:02:37.458977+09:00,17.0569,17645,17644,0.0,18328,0.021186,13,26.57
2026-10-07T23:02:37.480446+09:00,17.0781,17644,17643,0.0,2128,0.021171,8,26.57
2026-10-07T23:02:37.480585+09:00,17.0781,17645,17644,0.0,18328,0.021171,13,26.57
2026-10-07T23:02:37.501620+09:00,17.0995,17644,17643,0.0,2128,0.021361,8,26.57
2026-10-07T23:02:37.501757+09:00,17.0995,17645,17644,0.0,18328,0.021361,13,26.57
2026-10-07T23:02:37.521773+09:00,17.1207,17644,17643,0.0,2128,0.021214,8,26.57
2026-10-07T23:02:37.521878+09:00,17.1207,17645,17644,0.0,18328,0.021214,13,26.57
2026-10-07T23:02:37.542860+09:00,17.1417,17644,17643,0.0,2128,0.02097,8,26.57
2026-10-07T23:02:37.543013+09:00,17.1417,17645,17644,0.0,18328,0.02097,13,26.57
2026-10-07T23:02:37.563759+09:00,17.1625,17644,17643,0.0,2128,0.02087,8,26.57
2026-10-07T23:02:37.563860+09:00,17.1625,17645,17644,0.0,18328,0.02087,13,26.57
2026-10-07T23:02:37.586012+09:00,17.1838,17644,17643,0.0,2128,0.021293,8,26.57
2026-10-07T23:02:37.586155+09:00,17.1838,17645,17644,0.0,18328,0.021293,13,26.57
2026-10-07T23:02:37.606313+09:00,17.2042,17644,17643,0.0,2128,0.020368,8,26.57
2026-10-07T23:02:37.606450+09:00,17.2042,17645,17644,0.0,18328,0.020368,13,26.57
2026-10-07T23:02:37.626492+09:00,17.225,17644,17643,0.0,2128,0.020767,8,26.57
2026-10-07T23:02:37.626614+09:00,17.225,17645,17644,0.0,18328,0.020767,13,26.57
2026-10-07T23:02:37.647133+09:00,17.246,17644,17643,0.0,2128,0.021039,8,26.57
2026-10-07T23:02:37.647236+09:00,17.246,17645,17644,0.0,18328,0.021039,13,26.57
2026-10-07T23:02:37.669498+09:00,17.2673,17644,17643,0.0,2128,0.021336,8,26.57
2026-10-07T23:02:37.669635+09:00,17.2673,17645,17644,0.0,18328,0.021336,13,26.57
2026-10-07T23:02:37.690027+09:00,17.2876,17644,17643,0.0,2128,0.020246,8,26.57
2026-10-07T23:02:37.690196+09:00,17.2876,17645,17644,0.0,18328,0.020246,13,26.57
2026-10-07T23:02:37.709374+09:00,17.3081,17644,17643,0.0,2128,0.02048,8,26.57
2026-10-07T23:02:37.709615+09:00,17.3081,17645,17644,0.0,18328,0.02048,13,26.57
2026-10-07T23:02:37.730483+09:00,17.3292,17644,17643,0.0,2128,0.021182,8,26.57
2026-10-07T23:02:37.730587+09:00,17.3292,17645,17644,0.0,18328,0.021182,13,26.57
2026-10-07T23:02:37.752808+09:00,17.3506,17644,17643,0.0,2128,0.021333,8,26.57
2026-10-07T23:02:37.753007+09:00,17.3506,17645,17644,0.0,18328,0.021333,13,26.57
2026-10-07T23:02:37.772760+09:00,17.3717,17644,17643,0.0,2128,0.021088,8,26.57
2026-10-07T23:02:37.772862+09:00,17.3717,17645,17644,0.0,18328,0.021088,13,26.57
2026-10-07T23:02:37.793290+09:00,17.3922,17644,17643,0.0,2128,0.020511,8,26.57
2026-10-07T23:02:37.793396+09:00,17.3922,17645,17644,0.0,18328,0.020511,13,26.57
2026-10-07T23:02:37.814384+09:00,17.4127,17644,17643,0.0,2128,0.020504,8,26.57
2026-10-07T23:02:37.814491+09:00,17.4127,17645,17644,0.0,18328,0.020504,13,26.57
2026-10-07T23:02:37.835669+09:00,17.4339,17644,17643,0.0,2128,0.021275,8,26.57
2026-10-07T23:02:37.835838+09:00,17.4339,17645,17644,0.0,18328,0.021275,13,26.57
2026-10-07T23:02:37.856464+09:00,17.4543,17644,17643,0.0,2128,0.020343,8,26.57
2026-10-07T23:02:37.856613+09:00,17.4543,17645,17644,0.0,18328,0.020343,13,26.57
2026-10-07T23:02:37.876707+09:00,17.4755,17644,17643,0.0,2128,0.021176,8,26.57
2026-10-07T23:02:37.876810+09:00,17.4755,17645,17644,0.0,18328,0.021176,13,26.57
2026-10-07T23:02:37.897402+09:00,17.4961,17644,17643,0.0,2128,0.020598,8,26.57
2026-10-07T23:02:37.897512+09:00,17.4961,17645,17644,0.0,18328,0.020598,13,26.57
2026-10-07T23:02:37.919563+09:00,17.5174,17644,17643,0.0,2128,0.02135,8,26.57
2026-10-07T23:02:37.919700+09:00,17.5174,17645,17644,0.0,18328,0.02135,13,26.57
2026-10-07T23:02:37.939480+09:00,17.5376,17644,17643,0.0,2128,0.020218,8,26.57
2026-10-07T23:02:37.939620+09:00,17.5376,17645,17644,0.0,18328,0.020218,13,26.57
2026-10-07T23:02:37.961133+09:00,17.559,17644,17643,0.0,2128,0.021354,8,26.57
2026-10-07T23:02:37.961270+09:00,17.559,17645,17644,0.0,18328,0.021354,13,26.57
2026-10-07T23:02:37.982448+09:00,17.5803,17644,17643,0.0,2128,0.021355,8,26.57
2026-10-07T23:02:37.982582+09:00,17.5803,17645,17644,0.0,18328,0.021355,13,26.57
2026-10-07T23:02:38.003782+09:00,17.6017,17644,17643,0.0,2128,0.021331,8,26.57
2026-10-07T23:02:38.003972+09:00,17.6017,17645,17644,0.0,18328,0.021331,13,26.57
2026-10-07T23:02:38.023210+09:00,17.6221,17644,17643,0.0,2128,0.020432,8,26.57
2026-10-07T23:02:38.023312+09:00,17.6221,17645,17644,0.0,18328,0.020432,13,26.57
2026-10-07T23:02:38.045683+09:00,17.6434,17644,17643,0.0,2128,0.021339,8,26.57
2026-10-07T23:02:38.045821+09:00,17.6434,17645,17644,0.0,18328,0.021339,13,26.57
2026-10-07T23:02:38.065709+09:00,17.6636,17644,17643,0.0,2128,0.020184,8,26.57
2026-10-07T23:02:38.065844+09:00,17.6636,17645,17644,0.0,18328,0.020184,13,26.57
2026-10-07T23:02:38.087031+09:00,17.685,17644,17643,0.0,2128,0.02133,8,26.57
2026-10-07T23:02:38.087162+09:00,17.685,17645,17644,0.0,18328,0.02133,13,26.57
2026-10-07T23:02:38.107161+09:00,17.7053,17644,17643,0.0,2128,0.020341,8,26.57
2026-10-07T23:02:38.107299+09:00,17.7053,17645,17644,0.0,18328,0.020341,13,26.57
2026-10-07T23:02:38.127737+09:00,17.7256,17644,17643,0.0,2128,0.02034,8,26.57
2026-10-07T23:02:38.127870+09:00,17.7256,17645,17644,0.0,18328,0.02034,13,26.57
2026-10-07T23:02:38.148208+09:00,17.7466,17644,17643,0.0,2128,0.021006,8,26.57
2026-10-07T23:02:38.148345+09:00,17.7466,17645,17644,0.0,18328,0.021006,13,26.57
2026-10-07T23:02:38.169937+09:00,17.7676,17644,17643,0.0,2128,0.020975,8,26.57
2026-10-07T23:02:38.170111+09:00,17.7676,17645,17644,0.0,18328,0.020975,13,26.57
2026-10-07T23:02:38.189416+09:00,17.7882,17644,17643,0.0,2128,0.02056,8,32.98
2026-10-07T23:02:38.189517+09:00,17.7882,17645,17644,97.276,18328,0.02056,15,32.98
2026-10-07T23:02:38.211708+09:00,17.8095,17644,17643,0.0,2128,0.021335,8,32.98
2026-10-07T23:02:38.211848+09:00,17.8095,17645,17644,46.871,18328,0.021335,16,32.98
2026-10-07T23:02:38.231590+09:00,17.8299,17644,17643,0.0,2128,0.020381,8,32.98
2026-10-07T23:02:38.231725+09:00,17.8299,17645,17644,0.0,18328,0.020381,16,32.98
2026-10-07T23:02:38.253359+09:00,17.8512,17644,17643,0.0,2128,0.02134,8,32.98
2026-10-07T23:02:38.253497+09:00,17.8512,17645,17644,0.0,18328,0.02134,16,32.98
2026-10-07T23:02:38.274335+09:00,17.8724,17644,17643,0.0,2128,0.021195,8,32.98
2026-10-07T23:02:38.274474+09:00,17.8724,17645,17644,0.0,18328,0.021195,16,32.98
2026-10-07T23:02:38.296119+09:00,17.8938,17644,17643,0.0,2128,0.021341,8,32.98
2026-10-07T23:02:38.296347+09:00,17.8938,17645,17644,0.0,18328,0.021341,16,32.98
2026-10-07T23:02:38.315626+09:00,17.914,17644,17643,0.0,2128,0.020179,8,32.98
2026-10-07T23:02:38.315738+09:00,17.914,17645,17644,0.0,18328,0.020179,16,32.98
2026-10-07T23:02:38.335348+09:00,17.9343,17644,17643,0.0,2128,0.020304,8,32.98
2026-10-07T23:02:38.335450+09:00,17.9343,17645,17644,0.0,18328,0.020304,16,32.98
2026-10-07T23:02:38.355716+09:00,17.9546,17644,17643,0.0,2128,0.020368,8,32.98
2026-10-07T23:02:38.355818+09:00,17.9546,17645,17644,0.0,18328,0.020368,16,32.98
2026-10-07T23:02:38.376890+09:00,17.9758,17644,17643,0.0,2128,0.021172,8,32.98
2026-10-07T23:02:38.377033+09:00,17.9758,17645,17644,0.0,18328,0.021172,16,32.98
2026-10-07T23:02:38.398278+09:00,17.997,17644,17643,0.0,2128,0.021179,8,32.98
2026-10-07T23:02:38.398382+09:00,17.997,17645,17644,0.0,18328,0.021179,16,32.98
2026-10-07T23:02:38.418654+09:00,18.0175,17644,17643,0.0,2128,0.020553,8,32.98
2026-10-07T23:02:38.418757+09:00,18.0175,17645,17644,0.0,18328,0.020553,16,32.98
2026-10-07T23:02:38.439826+09:00,18.0387,17644,17643,0.0,2128,0.021172,8,32.98
2026-10-07T23:02:38.439982+09:00,18.0387,17645,17644,0.0,18328,0.021172,16,32.98
2026-10-07T23:02:38.461278+09:00,18.06,17644,17643,0.0,2128,0.021314,8,32.98
2026-10-07T23:02:38.461471+09:00,18.06,17645,17644,0.0,18328,0.021314,16,32.98
2026-10-07T23:02:38.481937+09:00,18.0802,17644,17643,0.0,2128,0.020209,8,32.98
2026-10-07T23:02:38.482070+09:00,18.0802,17645,17644,0.0,18328,0.020209,16,32.98
2026-10-07T23:02:38.502486+09:00,18.1014,17644,17643,0.0,2128,0.021169,8,32.98
2026-10-07T23:02:38.502588+09:00,18.1014,17645,17644,0.0,18328,0.021169,16,32.98
2026-10-07T23:02:38.522837+09:00,18.1217,17644,17643,0.0,2128,0.020328,8,32.98
2026-10-07T23:02:38.522989+09:00,18.1217,17645,17644,0.0,18328,0.020328,16,32.98
2026-10-07T23:02:38.555513+09:00,18.15,17644,17643,0.0,2128,0.028231,8,32.98
2026-10-07T23:02:38.555755+09:00,18.15,17645,17644,0.0,18328,0.028231,16,32.98
2026-10-07T23:02:38.571961+09:00,18.1709,17644,17643,0.0,2128,0.020897,8,32.98
2026-10-07T23:02:38.572074+09:00,18.1709,17645,17644,0.0,18328,0.020897,16,32.98
2026-10-07T23:02:38.594124+09:00,18.1918,17644,17643,0.0,2128,0.020974,8,32.98
2026-10-07T23:02:38.594249+09:00,18.1918,17645,17644,0.0,18328,0.020974,16,32.98
2026-10-07T23:02:38.614080+09:00,18.213,17644,17643,0.0,2128,0.021171,8,32.98
2026-10-07T23:02:38.614183+09:00,18.213,17645,17644,0.0,18328,0.021171,16,32.98
2026-10-07T23:02:38.634645+09:00,18.2334,17644,17643,0.0,2128,0.020382,8,32.98
2026-10-07T23:02:38.634749+09:00,18.2334,17645,17644,0.0,18328,0.020382,16,32.98
2026-10-07T23:02:38.660175+09:00,18.2588,17644,17643,0.0,2128,0.025406,8,32.98
2026-10-07T23:02:38.660281+09:00,18.2588,17645,17644,0.0,18328,0.025406,16,32.98
2026-10-07T23:02:38.681256+09:00,18.28,17644,17643,0.0,2128,0.021264,8,32.98
2026-10-07T23:02:38.681363+09:00,18.28,17645,17644,0.0,18328,0.021264,16,32.98
2026-10-07T23:02:38.702117+09:00,18.3006,17644,17643,0.0,2128,0.020571,8,32.98
2026-10-07T23:02:38.702222+09:00,18.3006,17645,17644,0.0,18328,0.020571,16,32.98
2026-10-07T23:02:38.722874+09:00,18.3218,17644,17643,0.0,2128,0.021172,8,32.98
2026-10-07T23:02:38.723020+09:00,18.3218,17645,17644,0.0,18328,0.021172,16,32.98
2026-10-07T23:02:38.818166+09:00,18.4158,17644,17643,0.0,2128,0.094029,8,32.98
2026-10-07T23:02:38.818269+09:00,18.4158,17645,17644,0.0,18328,0.094029,16,32.98
2026-10-07T23:02:38.844540+09:00,18.4433,17644,17643,0.0,2128,0.02749,8,32.98
2026-10-07T23:02:38.844649+09:00,18.4433,17645,17644,0.0,18328,0.02749,16,32.98
2026-10-07T23:02:38.865657+09:00,18.4636,17644,17643,0.0,2128,0.020299,8,32.98
2026-10-07T23:02:38.865797+09:00,18.4636,17645,17644,0.0,18328,0.020299,16,32.98
2026-10-07T23:02:38.887118+09:00,18.4849,17644,17643,0.0,2128,0.021341,8,32.98
2026-10-07T23:02:38.887257+09:00,18.4849,17645,17644,0.0,18328,0.021341,16,32.98
2026-10-07T23:02:38.906707+09:00,18.5054,17644,17643,0.0,2128,0.020411,8,32.98
2026-10-07T23:02:38.906823+09:00,18.5054,17645,17644,0.0,18328,0.020411,16,32.98
2026-10-07T23:02:38.927674+09:00,18.5265,17644,17643,0.0,2128,0.021182,8,32.98
2026-10-07T23:02:38.927812+09:00,18.5265,17645,17644,0.0,18328,0.021182,16,32.98
2026-10-07T23:02:38.948435+09:00,18.5467,17644,17643,0.0,2128,0.020197,8,32.98
2026-10-07T23:02:38.948595+09:00,18.5467,17645,17644,0.0,18328,0.020197,16,32.98
2026-10-07T23:02:38.970231+09:00,18.5681,17644,17643,0.0,2128,0.021339,8,32.98
2026-10-07T23:02:38.970371+09:00,18.5681,17645,17644,0.0,18328,0.021339,16,32.98
2026-10-07T23:02:38.990952+09:00,18.5893,17644,17643,0.0,2128,0.021202,8,32.98
2026-10-07T23:02:38.991120+09:00,18.5893,17645,17644,0.0,18328,0.021202,16,32.98
2026-10-07T23:02:39.012043+09:00,18.6099,17644,17643,0.0,2128,0.020593,8,32.98
2026-10-07T23:02:39.012183+09:00,18.6099,17645,17644,0.0,18328,0.020593,16,32.98
2026-10-07T23:02:39.031844+09:00,18.6308,17644,17643,0.0,2128,0.020889,8,32.98
2026-10-07T23:02:39.032029+09:00,18.6308,17645,17644,0.0,18328,0.020889,16,32.98
2026-10-07T23:02:39.053118+09:00,18.6519,17644,17643,0.0,2128,0.021173,8,32.98
2026-10-07T23:02:39.053240+09:00,18.6519,17645,17644,0.0,18328,0.021173,16,32.98
2026-10-07T23:02:39.074279+09:00,18.6722,17644,17643,0.0,2128,0.020312,8,32.98
2026-10-07T23:02:39.074432+09:00,18.6722,17645,17644,0.0,18328,0.020312,16,32.98
2026-10-07T23:02:39.094131+09:00,18.6924,17644,17643,0.0,2128,0.020172,8,32.98
2026-10-07T23:02:39.094238+09:00,18.6924,17645,17644,0.0,18328,0.020172,16,32.98
2026-10-07T23:02:39.114206+09:00,18.7126,17644,17643,0.0,2128,0.02023,8,32.98
2026-10-07T23:02:39.114308+09:00,18.7126,17645,17644,0.0,18328,0.02023,16,32.98
2026-10-07T23:02:39.134916+09:00,18.7338,17644,17643,0.0,2128,0.021172,8,32.98
2026-10-07T23:02:39.135051+09:00,18.7338,17645,17644,0.0,18328,0.021172,16,32.98
2026-10-07T23:02:39.155281+09:00,18.7542,17644,17643,0.0,2128,0.020372,8,32.98
2026-10-07T23:02:39.155387+09:00,18.7542,17645,17644,0.0,18328,0.020372,16,32.98
2026-10-07T23:02:39.176186+09:00,18.7746,17644,17643,0.0,2128,0.020383,8,32.98
2026-10-07T23:02:39.176293+09:00,18.7746,17645,17644,0.0,18328,0.020383,16,32.98
2026-10-07T23:02:39.197268+09:00,18.7956,17644,17643,0.0,2128,0.021024,8,32.98
2026-10-07T23:02:39.197381+09:00,18.7956,17645,17644,0.0,18328,0.021024,16,32.98
2026-10-07T23:02:39.217481+09:00,18.8163,17644,17643,0.0,2128,0.020709,8,32.98
2026-10-07T23:02:39.217582+09:00,18.8163,17645,17644,0.0,18328,0.020709,16,32.98
2026-10-07T23:02:39.240017+09:00,18.8376,17644,17643,0.0,2128,0.021293,8,32.98
2026-10-07T23:02:39.240159+09:00,18.8376,17645,17644,0.0,18328,0.021293,16,32.98
2026-10-07T23:02:39.259136+09:00,18.8579,17644,17643,0.0,2128,0.020315,8,32.98
2026-10-07T23:02:39.259247+09:00,18.8579,17645,17644,0.0,18328,0.020315,16,32.98
2026-10-07T23:02:39.280198+09:00,18.8789,17644,17643,0.0,2128,0.020978,8,32.98
2026-10-07T23:02:39.280343+09:00,18.8789,17645,17644,0.0,18328,0.020978,16,32.98
2026-10-07T23:02:39.300268+09:00,18.8991,17644,17643,0.0,2128,0.020174,8,32.98
2026-10-07T23:02:39.300377+09:00,18.8991,17645,17644,0.0,18328,0.020174,16,32.98
2026-10-07T23:02:39.322552+09:00,18.9203,17644,17643,0.0,2128,0.02119,8,32.98
2026-10-07T23:02:39.322695+09:00,18.9203,17645,17644,0.0,18328,0.02119,16,32.98
2026-10-07T23:02:39.342093+09:00,18.9407,17644,17643,0.0,2128,0.02041,8,32.98
2026-10-07T23:02:39.342204+09:00,18.9407,17645,17644,0.0,18328,0.02041,16,32.98
2026-10-07T23:02:39.362261+09:00,18.9611,17644,17643,0.0,2128,0.020425,8,32.98
2026-10-07T23:02:39.362362+09:00,18.9611,17645,17644,0.0,18328,0.020425,16,32.98
2026-10-07T23:02:39.383059+09:00,18.9816,17644,17643,0.0,2128,0.020482,8,32.98
2026-10-07T23:02:39.383169+09:00,18.9816,17645,17644,0.0,18328,0.020482,16,32.98
2026-10-07T23:02:39.404616+09:00,19.0025,17644,17643,0.0,2128,0.020908,8,32.98
2026-10-07T23:02:39.404751+09:00,19.0025,17645,17644,0.0,18328,0.020908,16,32.98
2026-10-07T23:02:39.424789+09:00,19.0231,17644,17643,0.0,2128,0.020658,8,32.98
2026-10-07T23:02:39.425050+09:00,19.0231,17645,17644,0.0,18328,0.020658,16,32.98
2026-10-07T23:02:39.444999+09:00,19.0438,17644,17643,0.0,2128,0.020615,8,32.98
2026-10-07T23:02:39.445153+09:00,19.0438,17645,17644,0.0,18328,0.020615,16,32.98
2026-10-07T23:02:39.465999+09:00,19.0648,17644,17643,0.0,2128,0.020998,8,32.98
2026-10-07T23:02:39.466104+09:00,19.0648,17645,17644,0.0,18328,0.020998,16,32.98
2026-10-07T23:02:39.488325+09:00,19.0859,17644,17643,0.0,2128,0.021146,8,32.98
2026-10-07T23:02:39.488476+09:00,19.0859,17645,17644,0.0,18328,0.021146,16,32.98
2026-10-07T23:02:39.507991+09:00,19.1063,17644,17643,0.0,2128,0.020442,8,32.98
2026-10-07T23:02:39.508138+09:00,19.1063,17645,17644,0.0,18328,0.020442,16,32.98
2026-10-07T23:02:39.529850+09:00,19.1277,17644,17643,0.0,2128,0.021357,8,32.98
2026-10-07T23:02:39.530068+09:00,19.1277,17645,17644,0.0,18328,0.021357,16,32.98
2026-10-07T23:02:39.549286+09:00,19.1482,17644,17643,0.0,2128,0.020471,8,32.98
2026-10-07T23:02:39.549388+09:00,19.1482,17645,17644,0.0,18328,0.020471,16,32.98
2026-10-07T23:02:39.571266+09:00,19.1695,17644,17643,0.0,2128,0.021287,8,32.98
2026-10-07T23:02:39.571429+09:00,19.1695,17645,17644,0.0,18328,0.021287,16,32.98
2026-10-07T23:02:39.592290+09:00,19.1905,17644,17643,0.0,2128,0.020996,8,32.98
2026-10-07T23:02:39.592411+09:00,19.1905,17645,17644,0.0,18328,0.020996,16,32.98
2026-10-07T23:02:39.613073+09:00,19.2113,17644,17643,0.0,2128,0.02085,8,32.98
2026-10-07T23:02:39.613221+09:00,19.2113,17645,17644,0.0,18328,0.02085,16,32.98
2026-10-07T23:02:39.633181+09:00,19.2315,17644,17643,0.0,2128,0.020193,8,32.98
2026-10-07T23:02:39.633293+09:00,19.2315,17645,17644,0.0,18328,0.020193,16,32.98
2026-10-07T23:02:39.654995+09:00,19.2528,17644,17643,0.0,2128,0.021349,8,32.98
2026-10-07T23:02:39.655136+09:00,19.2528,17645,17644,0.0,18328,0.021349,16,32.98
2026-10-07T23:02:39.676274+09:00,19.2742,17644,17643,0.0,2128,0.021332,8,32.98
2026-10-07T23:02:39.676410+09:00,19.2742,17645,17644,0.0,18328,0.021332,16,32.98
2026-10-07T23:02:39.697647+09:00,19.2949,17644,17643,0.0,2128,0.020701,8,32.98
2026-10-07T23:02:39.697938+09:00,19.2949,17645,17644,0.0,18328,0.020701,16,32.98
2026-10-07T23:02:39.716356+09:00,19.3151,17644,17643,0.0,2128,0.020208,8,32.98
2026-10-07T23:02:39.716467+09:00,19.3151,17645,17644,0.0,18328,0.020208,16,32.98
2026-10-07T23:02:39.738582+09:00,19.3364,17644,17643,0.0,2128,0.021363,8,32.98
2026-10-07T23:02:39.738719+09:00,19.3364,17645,17644,0.0,18328,0.021363,16,32.98
2026-10-07T23:02:39.759909+09:00,19.3578,17644,17643,0.0,2128,0.02134,8,32.98
2026-10-07T23:02:39.760087+09:00,19.3578,17645,17644,0.0,18328,0.02134,16,32.98
2026-10-07T23:02:39.781589+09:00,19.3791,17644,17643,0.0,2128,0.021304,8,32.98
2026-10-07T23:02:39.781728+09:00,19.3791,17645,17644,0.0,18328,0.021304,16,32.98
2026-10-07T23:02:39.801482+09:00,19.3994,17644,17643,0.0,2128,0.020263,8,32.98
2026-10-07T23:02:39.801619+09:00,19.3994,17645,17644,0.0,18328,0.020263,16,32.98
2026-10-07T23:02:39.822333+09:00,19.4202,17644,17643,0.0,2128,0.020873,8,32.98
2026-10-07T23:02:39.822471+09:00,19.4202,17645,17644,0.0,18328,0.020873,16,32.98
2026-10-07T23:02:39.842751+09:00,19.4409,17644,17643,0.0,2128,0.020667,8,32.98
2026-10-07T23:02:39.842900+09:00,19.4409,17645,17644,0.0,18328,0.020667,16,32.98
2026-10-07T23:02:39.863744+09:00,19.4616,17644,17643,0.0,2128,0.020689,8,32.98
2026-10-07T23:02:39.863894+09:00,19.4616,17645,17644,0.0,18328,0.020689,16,32.98
2026-10-07T23:02:39.884991+09:00,19.4829,17644,17643,0.0,2128,0.021304,8,32.98
2026-10-07T23:02:39.885126+09:00,19.4829,17645,17644,0.0,18328,0.021304,16,32.98
2026-10-07T23:02:39.906310+09:00,19.5042,17644,17643,0.0,2128,0.021339,8,32.98
2026-10-07T23:02:39.906440+09:00,19.5042,17645,17644,0.0,18328,0.021339,16,32.98
2026-10-07T23:02:39.927612+09:00,19.5255,17644,17643,0.0,2128,0.021305,8,32.98
2026-10-07T23:02:39.927757+09:00,19.5255,17645,17644,0.0,18328,0.021305,16,32.98
2026-10-07T23:02:39.948795+09:00,19.5467,17644,17643,0.0,2128,0.021196,8,32.98
2026-10-07T23:02:39.948981+09:00,19.5467,17645,17644,0.0,18328,0.021196,16,32.98
2026-10-07T23:02:39.970256+09:00,19.5681,17644,17643,0.0,2128,0.021336,8,32.98
2026-10-07T23:02:39.970398+09:00,19.5681,17645,17644,0.0,18328,0.021336,16,32.98
2026-10-07T23:02:39.991535+09:00,19.5894,17644,17643,0.0,2128,0.021327,8,32.98
2026-10-07T23:02:39.991672+09:00,19.5894,17645,17644,0.0,18328,0.021327,16,32.98
2026-10-07T23:02:40.012504+09:00,19.6103,17644,17643,0.0,2128,0.020955,8,32.98
2026-10-07T23:02:40.012620+09:00,19.6103,17645,17644,0.0,18328,0.020955,16,32.98
2026-10-07T23:02:40.033776+09:00,19.6317,17644,17643,0.0,2128,0.021305,8,32.98
2026-10-07T23:02:40.033964+09:00,19.6317,17645,17644,0.0,18328,0.021305,16,32.98
2026-10-07T23:02:40.055158+09:00,19.653,17644,17643,0.0,2128,0.021347,8,32.98
2026-10-07T23:02:40.055296+09:00,19.653,17645,17644,0.0,18328,0.021347,16,32.98
2026-10-07T23:02:40.075648+09:00,19.674,17644,17643,0.0,2128,0.021033,8,32.98
2026-10-07T23:02:40.075784+09:00,19.674,17645,17644,0.0,18328,0.021033,16,32.98
2026-10-07T23:02:40.097157+09:00,19.6947,17644,17643,0.0,2128,0.020666,8,32.98
2026-10-07T23:02:40.097297+09:00,19.6947,17645,17644,0.0,18328,0.020666,16,32.98
2026-10-07T23:02:40.116744+09:00,19.7152,17644,17643,0.0,2128,0.020494,8,32.98
2026-10-07T23:02:40.116854+09:00,19.7152,17645,17644,0.0,18328,0.020494,16,32.98
2026-10-07T23:02:40.138430+09:00,19.7365,17644,17643,0.0,2128,0.021299,8,32.98
2026-10-07T23:02:40.138568+09:00,19.7365,17645,17644,0.0,18328,0.021299,16,32.98
2026-10-07T23:02:40.158600+09:00,19.7569,17644,17643,0.0,2128,0.020386,8,32.98
2026-10-07T23:02:40.158736+09:00,19.7569,17645,17644,0.0,18328,0.020386,16,32.98
2026-10-07T23:02:40.180372+09:00,19.7782,17644,17643,0.0,2128,0.021317,8,32.98
2026-10-07T23:02:40.180583+09:00,19.7782,17645,17644,0.0,18328,0.021317,16,32.98
2026-10-07T23:02:40.201035+09:00,19.7992,17644,17643,0.0,2128,0.021028,8,32.98
2026-10-07T23:02:40.201176+09:00,19.7992,17645,17644,0.0,18328,0.021028,16,32.98
2026-10-07T23:02:40.222729+09:00,19.8206,17644,17643,0.0,2128,0.021359,8,32.98
2026-10-07T23:02:40.222868+09:00,19.8206,17645,17644,0.0,18328,0.021359,16,32.98
2026-10-07T23:02:40.242156+09:00,19.8408,17644,17643,0.0,2128,0.020187,8,32.98
2026-10-07T23:02:40.242366+09:00,19.8408,17645,17644,0.0,18328,0.020187,16,32.98
2026-10-07T23:02:40.264259+09:00,19.8619,17644,17643,0.0,2128,0.021156,8,32.98
2026-10-07T23:02:40.264559+09:00,19.8619,17645,17644,0.0,18328,0.021156,16,32.98
2026-10-07T23:02:40.284380+09:00,19.8823,17644,17643,0.0,2128,0.020388,8,32.98
2026-10-07T23:02:40.284507+09:00,19.8823,17645,17644,0.0,18328,0.020388,16,32.98
2026-10-07T23:02:40.305782+09:00,19.9037,17644,17643,0.0,2128,0.021358,8,32.98
2026-10-07T23:02:40.305964+09:00,19.9037,17645,17644,0.0,18328,0.021358,16,32.98
2026-10-07T23:02:40.325828+09:00,19.9245,17644,17643,0.0,2128,0.020804,8,32.98
2026-10-07T23:02:40.325982+09:00,19.9245,17645,17644,0.0,18328,0.020804,16,32.98
2026-10-07T23:02:40.347830+09:00,19.9457,17644,17643,0.0,2128,0.021251,8,32.98
2026-10-07T23:02:40.348022+09:00,19.9457,17645,17644,0.0,18328,0.021251,16,32.98
2026-10-07T23:02:40.369108+09:00,19.9671,17644,17643,0.0,2128,0.021328,8,32.98
2026-10-07T23:02:40.369241+09:00,19.9671,17645,17644,0.0,18328,0.021328,16,32.98
2026-10-07T23:02:40.390045+09:00,19.9879,17644,17643,0.0,2128,0.020884,8,32.98
2026-10-07T23:02:40.390178+09:00,19.9879,17645,17644,0.0,18328,0.020884,16,32.98
2026-10-07T23:02:40.411350+09:00,20.0093,17644,17643,0.0,2128,0.021354,8,32.98
2026-10-07T23:02:40.411481+09:00,20.0093,17645,17644,0.0,18328,0.021354,16,32.98
2026-10-07T23:02:40.432110+09:00,20.0299,17644,17643,0.0,2128,0.020624,8,32.98
2026-10-07T23:02:40.432250+09:00,20.0299,17645,17644,0.0,18328,0.020624,16,32.98
2026-10-07T23:02:40.453305+09:00,20.0512,17644,17643,0.0,2128,0.021326,8,32.98
2026-10-07T23:02:40.453436+09:00,20.0512,17645,17644,0.0,18328,0.021326,16,32.98
2026-10-07T23:02:40.473739+09:00,20.0717,17644,17643,0.0,2128,0.02047,8,32.98
2026-10-07T23:02:40.473877+09:00,20.0717,17645,17644,0.0,18328,0.02047,16,32.98
2026-10-07T23:02:40.495126+09:00,20.093,17644,17643,0.0,2128,0.021339,8,32.98
2026-10-07T23:02:40.495277+09:00,20.093,17645,17644,0.0,18328,0.021339,16,32.98
2026-10-07T23:02:40.516545+09:00,20.1144,17644,17643,0.0,2128,0.021345,8,32.98
2026-10-07T23:02:40.516711+09:00,20.1144,17645,17644,0.0,18328,0.021345,16,32.98
2026-10-07T23:02:40.537966+09:00,20.1357,17644,17643,0.0,2128,0.021328,8,32.98
2026-10-07T23:02:40.538118+09:00,20.1357,17645,17644,0.0,18328,0.021328,16,32.98
2026-10-07T23:02:40.558310+09:00,20.1567,17644,17643,0.0,2128,0.020964,8,32.98
2026-10-07T23:02:40.558462+09:00,20.1567,17645,17644,0.0,18328,0.020964,16,32.98
2026-10-07T23:02:40.582117+09:00,20.1778,17644,17643,0.0,2128,0.02111,8,32.98
2026-10-07T23:02:40.582226+09:00,20.1778,17645,17644,0.0,18328,0.02111,16,32.98
2026-10-07T23:02:40.599472+09:00,20.1983,17644,17643,0.0,2128,0.020524,8,32.98
2026-10-07T23:02:40.599575+09:00,20.1983,17645,17644,0.0,18328,0.020524,16,32.98
2026-10-07T23:02:40.624225+09:00,20.2196,17644,17643,0.0,2128,0.021331,8,32.98
2026-10-07T23:02:40.624339+09:00,20.2196,17645,17644,0.0,18328,0.021331,16,32.98
2026-10-07T23:02:40.643142+09:00,20.241,17644,17643,0.0,2128,0.021341,8,32.98
2026-10-07T23:02:40.643278+09:00,20.241,17645,17644,0.0,18328,0.021341,16,32.98
2026-10-07T23:02:40.664398+09:00,20.2623,17644,17643,0.0,2128,0.021305,8,32.98
2026-10-07T23:02:40.664535+09:00,20.2623,17645,17644,0.0,18328,0.021305,16,32.98
2026-10-07T23:02:40.685672+09:00,20.2836,17644,17643,0.0,2128,0.021309,8,32.98
2026-10-07T23:02:40.685798+09:00,20.2836,17645,17644,0.0,18328,0.021309,16,32.98
2026-10-07T23:02:40.706784+09:00,20.3048,17644,17643,0.0,2128,0.021189,8,32.98
2026-10-07T23:02:40.706982+09:00,20.3048,17645,17644,0.0,18328,0.021189,16,32.98
2026-10-07T23:02:40.726555+09:00,20.3253,17644,17643,0.0,2128,0.020493,8,32.98
2026-10-07T23:02:40.726672+09:00,20.3253,17645,17644,0.0,18328,0.020493,16,32.98
2026-10-07T23:02:40.748103+09:00,20.3459,17644,17643,0.0,2128,0.020572,8,32.98
2026-10-07T23:02:40.748387+09:00,20.3459,17645,17644,0.0,18328,0.020572,16,32.98
2026-10-07T23:02:40.767880+09:00,20.3668,17644,17643,0.0,2128,0.020957,8,32.98
2026-10-07T23:02:40.768023+09:00,20.3668,17645,17644,0.0,18328,0.020957,16,32.98
2026-10-07T23:02:40.789685+09:00,20.3874,17644,17643,0.0,2128,0.020625,8,32.98
2026-10-07T23:02:40.789825+09:00,20.3874,17645,17644,0.0,18328,0.020625,16,32.98
2026-10-07T23:02:40.810864+09:00,20.4088,17644,17643,0.0,2128,0.02134,8,32.98
2026-10-07T23:02:40.811050+09:00,20.4088,17645,17644,0.0,18328,0.02134,16,32.98
2026-10-07T23:02:40.830751+09:00,20.4292,17644,17643,0.0,2128,0.020371,8,32.98
2026-10-07T23:02:40.830899+09:00,20.4292,17645,17644,0.0,18328,0.020371,16,32.98
2026-10-07T23:02:40.852546+09:00,20.4504,17644,17643,0.0,2128,0.02129,8,32.98
2026-10-07T23:02:40.852678+09:00,20.4504,17645,17644,0.0,18328,0.02129,16,32.98
2026-10-07T23:02:40.873532+09:00,20.4714,17644,17643,0.0,2128,0.020937,8,32.98
2026-10-07T23:02:40.873671+09:00,20.4714,17645,17644,0.0,18328,0.020937,16,32.98
2026-10-07T23:02:40.893214+09:00,20.4919,17644,17643,0.0,2128,0.020561,8,32.98
2026-10-07T23:02:40.893327+09:00,20.4919,17645,17644,0.0,18328,0.020561,16,32.98
2026-10-07T23:02:40.914938+09:00,20.5125,17644,17643,0.0,2128,0.020542,8,32.98
2026-10-07T23:02:40.915152+09:00,20.5125,17645,17644,0.0,18328,0.020542,16,32.98
2026-10-07T23:02:40.935993+09:00,20.5338,17644,17643,0.0,2128,0.02136,8,32.98
2026-10-07T23:02:40.936133+09:00,20.5338,17645,17644,0.0,18328,0.02136,16,32.98
2026-10-07T23:02:40.956678+09:00,20.5547,17644,17643,0.0,2128,0.02081,8,32.98
2026-10-07T23:02:40.956808+09:00,20.5547,17645,17644,0.0,18328,0.02081,16,32.98
2026-10-07T23:02:40.978069+09:00,20.5761,17644,17643,0.0,2128,0.021422,8,32.98
2026-10-07T23:02:40.978197+09:00,20.5761,17645,17644,0.0,18328,0.021422,16,32.98
2026-10-07T23:02:40.999043+09:00,20.5972,17644,17643,0.0,2128,0.021076,8,32.98
2026-10-07T23:02:40.999183+09:00,20.5972,17645,17644,0.0,18328,0.021076,16,32.98
2026-10-07T23:02:41.020469+09:00,20.6185,17644,17643,0.0,2128,0.021317,8,32.98
2026-10-07T23:02:41.020596+09:00,20.6185,17645,17644,0.0,18328,0.021317,16,32.98
2026-10-07T23:02:41.041625+09:00,20.6395,17644,17643,0.0,2128,0.021041,8,32.98
2026-10-07T23:02:41.041760+09:00,20.6395,17645,17644,0.0,18328,0.021041,16,32.98
2026-10-07T23:02:41.062994+09:00,20.6608,17644,17643,0.0,2128,0.021321,8,32.98
2026-10-07T23:02:41.063129+09:00,20.6608,17645,17644,0.0,18328,0.021321,16,32.98
2026-10-07T23:02:41.084177+09:00,20.6822,17644,17643,0.0,2128,0.02132,8,32.98
2026-10-07T23:02:41.084302+09:00,20.6822,17645,17644,0.0,18328,0.02132,16,32.98
2026-10-07T23:02:41.105613+09:00,20.7035,17644,17643,0.0,2128,0.02134,8,32.98
2026-10-07T23:02:41.105750+09:00,20.7035,17645,17644,0.0,18328,0.02134,16,32.98
2026-10-07T23:02:41.126954+09:00,20.7248,17644,17643,0.0,2128,0.021338,8,32.98
2026-10-07T23:02:41.127102+09:00,20.7248,17645,17644,0.0,18328,0.021338,16,32.98
2026-10-07T23:02:41.148130+09:00,20.746,17644,17643,0.0,2128,0.021194,8,32.98
2026-10-07T23:02:41.148266+09:00,20.746,17645,17644,0.0,18328,0.021194,16,32.98
2026-10-07T23:02:41.169458+09:00,20.7673,17644,17643,0.0,2128,0.021324,8,32.98
2026-10-07T23:02:41.169592+09:00,20.7673,17645,17644,0.0,18328,0.021324,16,32.98
2026-10-07T23:02:41.190229+09:00,20.7882,17644,17643,0.0,2128,0.020871,8,32.98
2026-10-07T23:02:41.190364+09:00,20.7882,17645,17644,0.0,18328,0.020871,16,32.98
2026-10-07T23:02:41.211598+09:00,20.8095,17644,17643,0.0,2128,0.021298,8,32.98
2026-10-07T23:02:41.211728+09:00,20.8095,17645,17644,0.0,18328,0.021298,16,32.98
2026-10-07T23:02:41.232254+09:00,20.8304,17644,17643,0.0,2128,0.020872,8,32.98
2026-10-07T23:02:41.232386+09:00,20.8304,17645,17644,0.0,18328,0.020872,16,32.98
2026-10-07T23:02:41.253679+09:00,20.8517,17644,17643,0.0,2128,0.021267,8,32.98
2026-10-07T23:02:41.253805+09:00,20.8517,17645,17644,0.0,18328,0.021267,16,32.98
2026-10-07T23:02:41.274252+09:00,20.8728,17644,17643,0.0,2128,0.021125,8,32.98
2026-10-07T23:02:41.274354+09:00,20.8728,17645,17644,0.0,18328,0.021125,16,32.98
2026-10-07T23:02:41.294252+09:00,20.8932,17644,17643,0.0,2128,0.020393,8,40.35
2026-10-07T23:02:41.294352+09:00,20.8932,17645,17644,49.036,18328,0.020393,17,40.35
2026-10-07T23:02:41.315171+09:00,20.9141,17644,17643,0.0,2128,0.020975,8,40.35
2026-10-07T23:02:41.315267+09:00,20.9141,17645,17644,95.35,18328,0.020975,19,40.35
2026-10-07T23:02:41.337609+09:00,20.9355,17644,17643,0.0,2128,0.021306,8,40.35
2026-10-07T23:02:41.337745+09:00,20.9355,17645,17644,46.935,18328,0.021306,20,40.35
2026-10-07T23:02:41.357735+09:00,20.9561,17644,17643,0.0,2128,0.020601,8,40.35
2026-10-07T23:02:41.357867+09:00,20.9561,17645,17644,0.0,18328,0.020601,20,40.35
2026-10-07T23:02:41.379629+09:00,20.9774,17644,17643,0.0,2128,0.021352,8,40.35
2026-10-07T23:02:41.379768+09:00,20.9774,17645,17644,0.0,18328,0.021352,20,40.35
2026-10-07T23:02:41.399910+09:00,20.9987,17644,17643,0.0,2128,0.021293,8,40.35
2026-10-07T23:02:41.400044+09:00,20.9987,17645,17644,0.0,18328,0.021293,20,40.35
2026-10-07T23:02:41.422046+09:00,21.0201,17644,17643,0.0,2128,0.021358,8,40.35
2026-10-07T23:02:41.422177+09:00,21.0201,17645,17644,0.0,18328,0.021358,20,40.35
2026-10-07T23:02:41.443545+09:00,21.0414,17644,17643,0.0,2128,0.021347,8,40.35
2026-10-07T23:02:41.443682+09:00,21.0414,17645,17644,0.0,18328,0.021347,20,40.35
2026-10-07T23:02:41.464635+09:00,21.0623,17644,17643,0.0,2128,0.020888,8,40.35
2026-10-07T23:02:41.464774+09:00,21.0623,17645,17644,0.0,18328,0.020888,20,40.35
2026-10-07T23:02:41.484594+09:00,21.0831,17644,17643,0.0,2128,0.020827,8,40.35
2026-10-07T23:02:41.484706+09:00,21.0831,17645,17644,0.0,18328,0.020827,20,40.35
2026-10-07T23:02:41.506673+09:00,21.1045,17644,17643,0.0,2128,0.021421,8,40.35
2026-10-07T23:02:41.506810+09:00,21.1045,17645,17644,0.0,18328,0.021421,20,40.35
2026-10-07T23:02:41.528005+09:00,21.1259,17644,17643,0.0,2128,0.021338,8,40.35
2026-10-07T23:02:41.528143+09:00,21.1259,17645,17644,0.0,18328,0.021338,20,40.35
2026-10-07T23:02:41.548172+09:00,21.1461,17644,17643,0.0,2128,0.020251,8,40.35
2026-10-07T23:02:41.548304+09:00,21.1461,17645,17644,0.0,18328,0.020251,20,40.35
2026-10-07T23:02:41.567882+09:00,21.1663,17644,17643,0.0,2128,0.020201,8,40.35
2026-10-07T23:02:41.568072+09:00,21.1663,17645,17644,0.0,18328,0.020201,20,40.35
2026-10-07T23:02:41.589820+09:00,21.1877,17644,17643,0.0,2128,0.021358,8,40.35
2026-10-07T23:02:41.590014+09:00,21.1877,17645,17644,0.0,18328,0.021358,20,40.35
2026-10-07T23:02:41.611159+09:00,21.2091,17644,17643,0.0,2128,0.021383,8,40.35
2026-10-07T23:02:41.611296+09:00,21.2091,17645,17644,0.0,18328,0.021383,20,40.35
2026-10-07T23:02:41.632432+09:00,21.2303,17644,17643,0.0,2128,0.021208,8,40.35
2026-10-07T23:02:41.632570+09:00,21.2303,17645,17644,0.0,18328,0.021208,20,40.35
2026-10-07T23:02:41.653618+09:00,21.2516,17644,17643,0.0,2128,0.0213,8,40.35
2026-10-07T23:02:41.653745+09:00,21.2516,17645,17644,0.0,18328,0.0213,20,40.35
2026-10-07T23:02:41.675087+09:00,21.2729,17644,17643,0.0,2128,0.021344,8,40.35
2026-10-07T23:02:41.675223+09:00,21.2729,17645,17644,0.0,18328,0.021344,20,40.35
2026-10-07T23:02:41.694635+09:00,21.2933,17644,17643,0.0,2128,0.020335,8,40.35
2026-10-07T23:02:41.694744+09:00,21.2933,17645,17644,0.0,18328,0.020335,20,40.35
2026-10-07T23:02:41.716725+09:00,21.3146,17644,17643,0.0,2128,0.021326,8,40.35
2026-10-07T23:02:41.716861+09:00,21.3146,17645,17644,0.0,18328,0.021326,20,40.35
2026-10-07T23:02:41.738147+09:00,21.3359,17644,17643,0.0,2128,0.021354,8,40.35
2026-10-07T23:02:41.738287+09:00,21.3359,17645,17644,0.0,18328,0.021354,20,40.35
2026-10-07T23:02:41.759021+09:00,21.3572,17644,17643,0.0,2128,0.021249,8,40.35
2026-10-07T23:02:41.759154+09:00,21.3572,17645,17644,0.0,18328,0.021249,20,40.35
2026-10-07T23:02:41.780616+09:00,21.3785,17644,17643,0.0,2128,0.021315,8,40.35
2026-10-07T23:02:41.780745+09:00,21.3785,17645,17644,0.0,18328,0.021315,20,40.35
2026-10-07T23:02:41.801325+09:00,21.3998,17644,17643,0.0,2128,0.021251,8,40.35
2026-10-07T23:02:41.801462+09:00,21.3998,17645,17644,0.0,18328,0.021251,20,40.35
2026-10-07T23:02:41.823304+09:00,21.4211,17644,17643,0.0,2128,0.021348,8,40.35
2026-10-07T23:02:41.823443+09:00,21.4211,17645,17644,0.0,18328,0.021348,20,40.35
2026-10-07T23:02:41.844552+09:00,21.4424,17644,17643,0.0,2128,0.021346,8,40.35
2026-10-07T23:02:41.844688+09:00,21.4424,17645,17644,0.0,18328,0.021346,20,40.35
2026-10-07T23:02:41.865493+09:00,21.4635,17644,17643,0.0,2128,0.021068,8,40.35
2026-10-07T23:02:41.865627+09:00,21.4635,17645,17644,0.0,18328,0.021068,20,40.35
2026-10-07T23:02:41.887080+09:00,21.4849,17644,17643,0.0,2128,0.02139,8,40.35
2026-10-07T23:02:41.887219+09:00,21.4849,17645,17644,0.0,18328,0.02139,20,40.35
2026-10-07T23:02:41.907352+09:00,21.5053,17644,17643,0.0,2128,0.020385,8,40.35
2026-10-07T23:02:41.907491+09:00,21.5053,17645,17644,0.0,18328,0.020385,20,40.35
2026-10-07T23:02:41.928751+09:00,21.5267,17644,17643,0.0,2128,0.021364,8,40.35
2026-10-07T23:02:41.928894+09:00,21.5267,17645,17644,0.0,18328,0.021364,20,40.35
2026-10-07T23:02:41.950070+09:00,21.548,17644,17643,0.0,2128,0.021336,8,40.35
2026-10-07T23:02:41.950200+09:00,21.548,17645,17644,0.0,18328,0.021336,20,40.35
2026-10-07T23:02:41.971489+09:00,21.5694,17644,17643,0.0,2128,0.02136,8,40.35
2026-10-07T23:02:41.971627+09:00,21.5694,17645,17644,0.0,18328,0.02136,20,40.35
2026-10-07T23:02:41.992152+09:00,21.5905,17644,17643,0.0,2128,0.02118,8,40.35
2026-10-07T23:02:41.992263+09:00,21.5905,17645,17644,0.0,18328,0.02118,20,40.35
2026-10-07T23:02:42.014094+09:00,21.6119,17644,17643,0.0,2128,0.021345,8,40.35
2026-10-07T23:02:42.014238+09:00,21.6119,17645,17644,0.0,18328,0.021345,20,40.35
2026-10-07T23:02:42.035333+09:00,21.6332,17644,17643,0.0,2128,0.021356,8,40.35
2026-10-07T23:02:42.035470+09:00,21.6332,17645,17644,0.0,18328,0.021356,20,40.35
2026-10-07T23:02:42.055837+09:00,21.6538,17644,17643,0.0,2128,0.020613,8,40.35
2026-10-07T23:02:42.056027+09:00,21.6538,17645,17644,0.0,18328,0.020613,20,40.35
2026-10-07T23:02:42.077310+09:00,21.6752,17644,17643,0.0,2128,0.02135,8,40.35
2026-10-07T23:02:42.077446+09:00,21.6752,17645,17644,0.0,18328,0.02135,20,40.35
2026-10-07T23:02:42.098000+09:00,21.6958,17644,17643,0.0,2128,0.020581,8,40.35
2026-10-07T23:02:42.098195+09:00,21.6958,17645,17644,0.0,18328,0.020581,20,40.35
2026-10-07T23:02:42.119127+09:00,21.7171,17644,17643,0.0,2128,0.02132,8,40.35
2026-10-07T23:02:42.119253+09:00,21.7171,17645,17644,0.0,18328,0.02132,20,40.35
2026-10-07T23:02:42.140331+09:00,21.7382,17644,17643,0.0,2128,0.021108,8,40.35
2026-10-07T23:02:42.140467+09:00,21.7382,17645,17644,0.0,18328,0.021108,20,40.35
2026-10-07T23:02:42.160705+09:00,21.7587,17644,17643,0.0,2128,0.020449,8,40.35
2026-10-07T23:02:42.160834+09:00,21.7587,17645,17644,0.0,18328,0.020449,20,40.35
2026-10-07T23:02:42.181218+09:00,21.7792,17644,17643,0.0,2128,0.020518,8,40.35
2026-10-07T23:02:42.181346+09:00,21.7792,17645,17644,0.0,18328,0.020518,20,40.35
2026-10-07T23:02:42.202653+09:00,21.8005,17644,17643,0.0,2128,0.021343,8,40.35
2026-10-07T23:02:42.202791+09:00,21.8005,17645,17644,0.0,18328,0.021343,20,40.35
2026-10-07T23:02:42.223566+09:00,21.8215,17644,17643,0.0,2128,0.021016,8,40.35
2026-10-07T23:02:42.223696+09:00,21.8215,17645,17644,0.0,18328,0.021016,20,40.35
2026-10-07T23:02:42.245040+09:00,21.8429,17644,17643,0.0,2128,0.021352,8,40.35
2026-10-07T23:02:42.245178+09:00,21.8429,17645,17644,0.0,18328,0.021352,20,40.35
2026-10-07T23:02:42.266220+09:00,21.8641,17644,17643,0.0,2128,0.021203,8,40.35
2026-10-07T23:02:42.266357+09:00,21.8641,17645,17644,0.0,18328,0.021203,20,40.35
2026-10-07T23:02:42.287434+09:00,21.8854,17644,17643,0.0,2128,0.021308,8,40.35
2026-10-07T23:02:42.287563+09:00,21.8854,17645,17644,0.0,18328,0.021308,20,40.35
2026-10-07T23:02:42.307867+09:00,21.9058,17644,17643,0.0,2128,0.020362,8,40.35
2026-10-07T23:02:42.308057+09:00,21.9058,17645,17644,0.0,18328,0.020362,20,40.35
2026-10-07T23:02:42.329098+09:00,21.9271,17644,17643,0.0,2128,0.021304,8,40.35
2026-10-07T23:02:42.329226+09:00,21.9271,17645,17644,0.0,18328,0.021304,20,40.35
2026-10-07T23:02:42.350423+09:00,21.9484,17644,17643,0.0,2128,0.021309,8,40.35
2026-10-07T23:02:42.350550+09:00,21.9484,17645,17644,0.0,18328,0.021309,20,40.35
2026-10-07T23:02:42.371758+09:00,21.9697,17644,17643,0.0,2128,0.021298,8,40.35
2026-10-07T23:02:42.371908+09:00,21.9697,17645,17644,0.0,18328,0.021298,20,40.35
2026-10-07T23:02:42.391752+09:00,21.9902,17644,17643,0.0,2128,0.020538,8,40.35
2026-10-07T23:02:42.391933+09:00,21.9902,17645,17644,0.0,18328,0.020538,20,40.35
2026-10-07T23:02:42.413634+09:00,22.0115,17644,17643,0.0,2128,0.021331,8,40.35
2026-10-07T23:02:42.413765+09:00,22.0115,17645,17644,0.0,18328,0.021331,20,40.35
2026-10-07T23:02:42.434277+09:00,22.0324,17644,17643,0.0,2128,0.020825,8,40.35
2026-10-07T23:02:42.434410+09:00,22.0324,17645,17644,0.0,18328,0.020825,20,40.35
2026-10-07T23:02:42.455713+09:00,22.0537,17644,17643,0.0,2128,0.021304,8,40.35
2026-10-07T23:02:42.455847+09:00,22.0537,17645,17644,0.0,18328,0.021304,20,40.35
2026-10-07T23:02:42.477166+09:00,22.075,17644,17643,0.0,2128,0.021345,8,40.35
2026-10-07T23:02:42.477304+09:00,22.075,17645,17644,0.0,18328,0.021345,20,40.35
2026-10-07T23:02:42.498723+09:00,22.0963,17644,17643,0.0,2128,0.021243,8,40.35
2026-10-07T23:02:42.498932+09:00,22.0963,17645,17644,0.0,18328,0.021243,20,40.35
2026-10-07T23:02:42.519671+09:00,22.1175,17644,17643,0.0,2128,0.021297,8,40.35
2026-10-07T23:02:42.519801+09:00,22.1175,17645,17644,0.0,18328,0.021297,20,40.35
2026-10-07T23:02:42.540394+09:00,22.1382,17644,17643,0.0,2128,0.020699,8,40.35
2026-10-07T23:02:42.540530+09:00,22.1382,17645,17644,0.0,18328,0.020699,20,40.35
2026-10-07T23:02:42.561629+09:00,22.1595,17644,17643,0.0,2128,0.0213,8,40.35
2026-10-07T23:02:42.561756+09:00,22.1595,17645,17644,0.0,18328,0.0213,20,40.35
2026-10-07T23:02:42.581813+09:00,22.1797,17644,17643,0.0,2128,0.020201,8,40.35
2026-10-07T23:02:42.582001+09:00,22.1797,17645,17644,0.0,18328,0.020201,20,40.35
2026-10-07T23:02:42.603234+09:00,22.2011,17644,17643,0.0,2128,0.021368,8,40.35
2026-10-07T23:02:42.603373+09:00,22.2011,17645,17644,0.0,18328,0.021368,20,40.35
2026-10-07T23:02:42.624114+09:00,22.2223,17644,17643,0.0,2128,0.021193,8,40.35
2026-10-07T23:02:42.624247+09:00,22.2223,17645,17644,0.0,18328,0.021193,20,40.35
2026-10-07T23:02:42.645684+09:00,22.2436,17644,17643,0.0,2128,0.021296,8,40.35
2026-10-07T23:02:42.645814+09:00,22.2436,17645,17644,0.0,18328,0.021296,20,40.35
2026-10-07T23:02:42.666184+09:00,22.2641,17644,17643,0.0,2128,0.020503,8,40.35
2026-10-07T23:02:42.666317+09:00,22.2641,17645,17644,0.0,18328,0.020503,20,40.35
2026-10-07T23:02:42.687413+09:00,22.2854,17644,17643,0.0,2128,0.021301,8,40.35
2026-10-07T23:02:42.687540+09:00,22.2854,17645,17644,0.0,18328,0.021301,20,40.35
2026-10-07T23:02:42.708304+09:00,22.3066,17644,17643,0.0,2128,0.02121,8,40.35
2026-10-07T23:02:42.708471+09:00,22.3066,17645,17644,0.0,18328,0.02121,20,40.35
2026-10-07T23:02:42.730201+09:00,22.3279,17644,17643,0.0,2128,0.021331,8,40.35
2026-10-07T23:02:42.730362+09:00,22.3279,17645,17644,0.0,18328,0.021331,20,40.35
2026-10-07T23:02:42.751390+09:00,22.3493,17644,17643,0.0,2128,0.021325,8,40.35
2026-10-07T23:02:42.751525+09:00,22.3493,17645,17644,0.0,18328,0.021325,20,40.35
2026-10-07T23:02:42.772251+09:00,22.3701,17644,17643,0.0,2128,0.02086,8,40.35
2026-10-07T23:02:42.772389+09:00,22.3701,17645,17644,0.0,18328,0.02086,20,40.35
2026-10-07T23:02:42.791843+09:00,22.3906,17644,17643,0.0,2128,0.020428,8,40.35
2026-10-07T23:02:42.791973+09:00,22.3906,17645,17644,0.0,18328,0.020428,20,40.35
2026-10-07T23:02:42.813326+09:00,22.4113,17644,17643,0.0,2128,0.020734,8,40.35
2026-10-07T23:02:42.813461+09:00,22.4113,17645,17644,0.0,18328,0.020734,20,40.35
2026-10-07T23:02:42.833165+09:00,22.4315,17644,17643,0.0,2128,0.020207,8,40.35
2026-10-07T23:02:42.833300+09:00,22.4315,17645,17644,0.0,18328,0.020207,20,40.35
2026-10-07T23:02:42.854117+09:00,22.4521,17644,17643,0.0,2128,0.020581,8,40.35
2026-10-07T23:02:42.854247+09:00,22.4521,17645,17644,0.0,18328,0.020581,20,40.35
2026-10-07T23:02:42.874422+09:00,22.4723,17644,17643,0.0,2128,0.020223,8,40.35
2026-10-07T23:02:42.874561+09:00,22.4723,17645,17644,0.0,18328,0.020223,20,40.35
2026-10-07T23:02:42.894271+09:00,22.4926,17644,17643,0.0,2128,0.020326,8,40.35
2026-10-07T23:02:42.894425+09:00,22.4926,17645,17644,0.0,18328,0.020326,20,40.35
2026-10-07T23:02:42.915194+09:00,22.5131,17644,17643,0.0,2128,0.020479,8,40.35
2026-10-07T23:02:42.915327+09:00,22.5131,17645,17644,0.0,18328,0.020479,20,40.35
2026-10-07T23:02:42.936257+09:00,22.5344,17644,17643,0.0,2128,0.021281,8,40.35
2026-10-07T23:02:42.936393+09:00,22.5344,17645,17644,0.0,18328,0.021281,20,40.35
2026-10-07T23:02:42.957028+09:00,22.555,17644,17643,0.0,2128,0.020592,8,40.35
2026-10-07T23:02:42.957160+09:00,22.555,17645,17644,0.0,18328,0.020592,20,40.35
2026-10-07T23:02:42.978100+09:00,22.5761,17644,17643,0.0,2128,0.021087,8,40.35
2026-10-07T23:02:42.978230+09:00,22.5761,17645,17644,0.0,18328,0.021087,20,40.35
2026-10-07T23:02:42.998712+09:00,22.5963,17644,17643,0.0,2128,0.020241,8,40.35
2026-10-07T23:02:42.998849+09:00,22.5963,17645,17644,0.0,18328,0.020241,20,40.35
2026-10-07T23:02:43.019777+09:00,22.6176,17644,17643,0.0,2128,0.021329,8,40.35
2026-10-07T23:02:43.019961+09:00,22.6176,17645,17644,0.0,18328,0.021329,20,40.35
2026-10-07T23:02:43.041133+09:00,22.639,17644,17643,0.0,2128,0.021331,8,40.35
2026-10-07T23:02:43.041270+09:00,22.639,17645,17644,0.0,18328,0.021331,20,40.35
2026-10-07T23:02:43.060647+09:00,22.6592,17644,17643,0.0,2128,0.020199,8,40.35
2026-10-07T23:02:43.060765+09:00,22.6592,17645,17644,0.0,18328,0.020199,20,40.35
2026-10-07T23:02:43.082118+09:00,22.6797,17644,17643,0.0,2128,0.020517,8,40.35
2026-10-07T23:02:43.082469+09:00,22.6797,17645,17644,0.0,18328,0.020517,20,40.35
2026-10-07T23:02:43.101788+09:00,22.6999,17644,17643,0.0,2128,0.020192,8,40.35
2026-10-07T23:02:43.101984+09:00,22.6999,17645,17644,0.0,18328,0.020192,20,40.35
2026-10-07T23:02:43.123583+09:00,22.7212,17644,17643,0.0,2128,0.021347,8,40.35
2026-10-07T23:02:43.123754+09:00,22.7212,17645,17644,0.0,18328,0.021347,20,40.35
2026-10-07T23:02:43.143561+09:00,22.7424,17644,17643,0.0,2128,0.02117,8,40.35
2026-10-07T23:02:43.143663+09:00,22.7424,17645,17644,0.0,18328,0.02117,20,40.35
2026-10-07T23:02:43.164435+09:00,22.7627,17644,17643,0.0,2128,0.020269,8,40.35
2026-10-07T23:02:43.164547+09:00,22.7627,17645,17644,0.0,18328,0.020269,20,40.35
2026-10-07T23:02:43.186045+09:00,22.784,17644,17643,0.0,2128,0.021371,8,40.35
2026-10-07T23:02:43.186186+09:00,22.784,17645,17644,0.0,18328,0.021371,20,40.35
2026-10-07T23:02:43.207196+09:00,22.8051,17644,17643,0.0,2128,0.021018,8,40.35
2026-10-07T23:02:43.207336+09:00,22.8051,17645,17644,0.0,18328,0.021018,20,40.35
2026-10-07T23:02:43.227064+09:00,22.8257,17644,17643,0.0,2128,0.020609,8,40.35
2026-10-07T23:02:43.227174+09:00,22.8257,17645,17644,0.0,18328,0.020609,20,40.35
2026-10-07T23:02:43.248844+09:00,22.8465,17644,17643,0.0,2128,0.020867,8,40.35
2026-10-07T23:02:43.249043+09:00,22.8465,17645,17644,0.0,18328,0.020867,20,40.35
2026-10-07T23:02:43.268122+09:00,22.8668,17644,17643,0.0,2128,0.020288,8,40.35
2026-10-07T23:02:43.268272+09:00,22.8668,17645,17644,0.0,18328,0.020288,20,40.35
2026-10-07T23:02:43.290517+09:00,22.8882,17644,17643,0.0,2128,0.021415,8,40.35
2026-10-07T23:02:43.290658+09:00,22.8882,17645,17644,0.0,18328,0.021415,20,40.35
2026-10-07T23:02:43.311706+09:00,22.9096,17644,17643,0.0,2128,0.021351,8,40.35
2026-10-07T23:02:43.311842+09:00,22.9096,17645,17644,0.0,18328,0.021351,20,40.35
2026-10-07T23:02:43.332811+09:00,22.9308,17644,17643,0.0,2128,0.021206,8,40.35
2026-10-07T23:02:43.333005+09:00,22.9308,17645,17644,0.0,18328,0.021206,20,40.35
2026-10-07T23:02:43.354226+09:00,22.9521,17644,17643,0.0,2128,0.021312,8,40.35
2026-10-07T23:02:43.354366+09:00,22.9521,17645,17644,0.0,18328,0.021312,20,40.35
2026-10-07T23:02:43.374719+09:00,22.9725,17644,17643,0.0,2128,0.020402,8,40.35
2026-10-07T23:02:43.374856+09:00,22.9725,17645,17644,0.0,18328,0.020402,20,40.35
2026-10-07T23:02:43.395190+09:00,22.9931,17644,17643,0.0,2128,0.020547,8,40.35
2026-10-07T23:02:43.395329+09:00,22.9931,17645,17644,0.0,18328,0.020547,20,40.35
2026-10-07T23:02:43.415646+09:00,23.0134,17644,17643,0.0,2128,0.020315,8,40.35
2026-10-07T23:02:43.415910+09:00,23.0134,17645,17644,0.0,18328,0.020315,20,40.35
2026-10-07T23:02:43.435394+09:00,23.0341,17644,17643,0.0,2128,0.020772,8,40.35
2026-10-07T23:02:43.435504+09:00,23.0341,17645,17644,0.0,18328,0.020772,20,40.35
2026-10-07T23:02:43.457325+09:00,23.0551,17644,17643,0.0,2128,0.020947,8,40.35
2026-10-07T23:02:43.457468+09:00,23.0551,17645,17644,0.0,18328,0.020947,20,40.35
2026-10-07T23:02:43.478590+09:00,23.0764,17644,17643,0.0,2128,0.021348,8,40.35
2026-10-07T23:02:43.478729+09:00,23.0764,17645,17644,0.0,18328,0.021348,20,40.35
2026-10-07T23:02:43.499186+09:00,23.097,17644,17643,0.0,2128,0.020565,8,40.35
2026-10-07T23:02:43.499328+09:00,23.097,17645,17644,0.0,18328,0.020565,20,40.35
2026-10-07T23:02:43.518810+09:00,23.1173,17644,17643,0.0,2128,0.020259,8,40.35
2026-10-07T23:02:43.518965+09:00,23.1173,17645,17644,0.0,18328,0.020259,20,40.35
2026-10-07T23:02:43.540137+09:00,23.1384,17644,17643,0.0,2128,0.021181,8,40.35
2026-10-07T23:02:43.540278+09:00,23.1384,17645,17644,0.0,18328,0.021181,20,40.35
2026-10-07T23:02:43.559830+09:00,23.1586,17644,17643,0.0,2128,0.020185,8,40.35
2026-10-07T23:02:43.559994+09:00,23.1586,17645,17644,0.0,18328,0.020185,20,40.35
2026-10-07T23:02:43.581028+09:00,23.1795,17644,17643,0.0,2128,0.020877,8,40.35
2026-10-07T23:02:43.581235+09:00,23.1795,17645,17644,0.0,18328,0.020877,20,40.35
2026-10-07T23:02:43.602347+09:00,23.2005,17644,17643,0.0,2128,0.020962,8,40.35
2026-10-07T23:02:43.602483+09:00,23.2005,17645,17644,0.0,18328,0.020962,20,40.35
2026-10-07T23:02:43.623168+09:00,23.2217,17644,17643,0.0,2128,0.021204,8,40.35
2026-10-07T23:02:43.623286+09:00,23.2217,17645,17644,0.0,18328,0.021204,20,40.35
2026-10-07T23:02:43.643762+09:00,23.2426,17644,17643,0.0,2128,0.020955,8,40.35
2026-10-07T23:02:43.643866+09:00,23.2426,17645,17644,0.0,18328,0.020955,20,40.35
2026-10-07T23:02:43.664823+09:00,23.2631,17644,17643,0.0,2128,0.020486,8,40.35
2026-10-07T23:02:43.664975+09:00,23.2631,17645,17644,0.0,18328,0.020486,20,40.35
2026-10-07T23:02:43.685329+09:00,23.2839,17644,17643,0.0,2128,0.020833,8,40.35
2026-10-07T23:02:43.685446+09:00,23.2839,17645,17644,0.0,18328,0.020833,20,40.35
2026-10-07T23:02:43.705712+09:00,23.3044,17644,17643,0.0,2128,0.020414,8,40.35
2026-10-07T23:02:43.705831+09:00,23.3044,17645,17644,0.0,18328,0.020414,20,40.35
2026-10-07T23:02:43.726660+09:00,23.3255,17644,17643,0.0,2128,0.021157,8,40.35
2026-10-07T23:02:43.726765+09:00,23.3255,17645,17644,0.0,18328,0.021157,20,40.35
2026-10-07T23:02:43.747331+09:00,23.3461,17644,17643,0.0,2128,0.020586,8,40.35
2026-10-07T23:02:43.747451+09:00,23.3461,17645,17644,0.0,18328,0.020586,20,40.35
2026-10-07T23:02:43.768420+09:00,23.3673,17644,17643,0.0,2128,0.021194,8,40.35
2026-10-07T23:02:43.768526+09:00,23.3673,17645,17644,0.0,18328,0.021194,20,40.35
2026-10-07T23:02:43.789947+09:00,23.3883,17644,17643,0.0,2128,0.020976,8,40.35
2026-10-07T23:02:43.790062+09:00,23.3883,17645,17644,0.0,18328,0.020976,20,40.35
2026-10-07T23:02:43.809544+09:00,23.4084,17644,17643,0.0,2128,0.020174,8,40.35
2026-10-07T23:02:43.809647+09:00,23.4084,17645,17644,0.0,18328,0.020174,20,40.35
2026-10-07T23:02:43.829883+09:00,23.4286,17644,17643,0.0,2128,0.020193,8,40.35
2026-10-07T23:02:43.829991+09:00,23.4286,17645,17644,0.0,18328,0.020193,20,40.35
2026-10-07T23:02:43.851337+09:00,23.4502,17644,17643,0.0,2128,0.02155,8,40.35
2026-10-07T23:02:43.851447+09:00,23.4502,17645,17644,0.0,18328,0.02155,20,40.35
2026-10-07T23:02:43.871828+09:00,23.4707,17644,17643,0.0,2128,0.020486,8,40.35
2026-10-07T23:02:43.871984+09:00,23.4707,17645,17644,0.0,18328,0.020486,20,40.35
2026-10-07T23:02:43.892488+09:00,23.4914,17644,17643,0.0,2128,0.020697,8,40.35
2026-10-07T23:02:43.892594+09:00,23.4914,17645,17644,0.0,18328,0.020697,20,40.35
2026-10-07T23:02:43.913634+09:00,23.5125,17644,17643,0.0,2128,0.021173,8,40.35
2026-10-07T23:02:43.913737+09:00,23.5125,17645,17644,0.0,18328,0.021173,20,40.35
2026-10-07T23:02:43.935040+09:00,23.5337,17644,17643,0.0,2128,0.021152,8,40.35
2026-10-07T23:02:43.935143+09:00,23.5337,17645,17644,0.0,18328,0.021152,20,40.35
2026-10-07T23:02:43.956083+09:00,23.5549,17644,17643,0.0,2128,0.021194,8,40.35
2026-10-07T23:02:43.956188+09:00,23.5549,17645,17644,0.0,18328,0.021194,20,40.35
2026-10-07T23:02:43.977183+09:00,23.5761,17644,17643,0.0,2128,0.021182,8,40.35
2026-10-07T23:02:43.977284+09:00,23.5761,17645,17644,0.0,18328,0.021182,20,40.35
2026-10-07T23:02:43.998114+09:00,23.597,17644,17643,0.0,2128,0.020943,8,40.35
2026-10-07T23:02:43.998215+09:00,23.597,17645,17644,0.0,18328,0.020943,20,40.35
2026-10-07T23:02:44.018445+09:00,23.6174,17644,17643,0.0,2128,0.020352,8,40.35
2026-10-07T23:02:44.018547+09:00,23.6174,17645,17644,0.0,18328,0.020352,20,40.35
2026-10-07T23:02:44.039212+09:00,23.6381,17644,17643,0.0,2128,0.020743,8,40.35
2026-10-07T23:02:44.039317+09:00,23.6381,17645,17644,0.0,18328,0.020743,20,40.35
2026-10-07T23:02:44.060694+09:00,23.6593,17644,17643,0.0,2128,0.021201,8,40.35
2026-10-07T23:02:44.060802+09:00,23.6593,17645,17644,0.0,18328,0.021201,20,40.35
2026-10-07T23:02:44.081104+09:00,23.68,17644,17643,0.0,2128,0.020676,8,40.35
2026-10-07T23:02:44.081208+09:00,23.68,17645,17644,0.0,18328,0.020676,20,40.35
2026-10-07T23:02:44.101292+09:00,23.7002,17644,17643,0.0,2128,0.020179,8,40.35
2026-10-07T23:02:44.101398+09:00,23.7002,17645,17644,0.0,18328,0.020179,20,40.35
2026-10-07T23:02:44.121543+09:00,23.7204,17644,17643,0.0,2128,0.020214,8,40.35
2026-10-07T23:02:44.121651+09:00,23.7204,17645,17644,0.0,18328,0.020214,20,40.35
2026-10-07T23:02:44.142373+09:00,23.7413,17644,17643,0.0,2128,0.020901,8,40.35
2026-10-07T23:02:44.142473+09:00,23.7413,17645,17644,0.0,18328,0.020901,20,40.35
2026-10-07T23:02:44.163603+09:00,23.7625,17644,17643,0.0,2128,0.021171,8,40.35
2026-10-07T23:02:44.163706+09:00,23.7625,17645,17644,0.0,18328,0.021171,20,40.35
2026-10-07T23:02:44.185496+09:00,23.7835,17644,17643,0.0,2128,0.021064,8,40.35
2026-10-07T23:02:44.185632+09:00,23.7835,17645,17644,0.0,18328,0.021064,20,40.35
2026-10-07T23:02:44.207029+09:00,23.8049,17644,17643,0.0,2128,0.021339,8,40.35
2026-10-07T23:02:44.207169+09:00,23.8049,17645,17644,0.0,18328,0.021339,20,40.35
2026-10-07T23:02:44.226409+09:00,23.8251,17644,17643,0.0,2128,0.020266,8,40.35
2026-10-07T23:02:44.226527+09:00,23.8251,17645,17644,0.0,18328,0.020266,20,40.35
2026-10-07T23:02:44.248553+09:00,23.8464,17644,17643,0.0,2128,0.021311,8,40.35
2026-10-07T23:02:44.248689+09:00,23.8464,17645,17644,0.0,18328,0.021311,20,40.35
2026-10-07T23:02:44.268729+09:00,23.8668,17644,17643,0.0,2128,0.020334,8,40.35
2026-10-07T23:02:44.268862+09:00,23.8668,17645,17644,0.0,18328,0.020334,20,40.35
2026-10-07T23:02:44.290244+09:00,23.8881,17644,17643,0.0,2128,0.021302,8,40.35
2026-10-07T23:02:44.290379+09:00,23.8881,17645,17644,0.0,18328,0.021302,20,40.35
2026-10-07T23:02:44.309917+09:00,23.9084,17644,17643,0.0,2128,0.020306,8,40.35
2026-10-07T23:02:44.310109+09:00,23.9084,17645,17644,0.0,18328,0.020306,20,40.35
2026-10-07T23:02:44.332032+09:00,23.9297,17644,17643,0.0,2128,0.021355,8,40.35
2026-10-07T23:02:44.332176+09:00,23.9297,17645,17644,0.0,18328,0.021355,20,40.35
2026-10-07T23:02:44.353089+09:00,23.9511,17644,17643,0.0,2128,0.021348,8,40.35
2026-10-07T23:02:44.353215+09:00,23.9511,17645,17644,0.0,18328,0.021348,20,40.35
2026-10-07T23:02:44.373994+09:00,23.9719,17644,17643,0.0,2128,0.020786,8,40.35
2026-10-07T23:02:44.374131+09:00,23.9719,17645,17644,0.0,18328,0.020786,20,40.35
2026-10-07T23:02:44.395162+09:00,23.9932,17644,17643,0.0,2128,0.021304,8,40.35
2026-10-07T23:02:44.395287+09:00,23.9932,17645,17644,0.0,18328,0.021304,20,40.35
2026-10-07T23:02:44.415157+09:00,24.0141,17644,17643,0.0,2128,0.020982,8,44.49
2026-10-07T23:02:44.415251+09:00,24.0141,17645,17644,47.661,18328,0.020982,21,44.49
2026-10-07T23:02:44.436155+09:00,24.0351,17644,17643,0.0,2128,0.020998,8,44.49
2026-10-07T23:02:44.436252+09:00,24.0351,17645,17644,95.248,18328,0.020998,23,44.49
2026-10-07T23:02:44.457902+09:00,24.056,17644,17643,0.0,2128,0.020815,8,44.49
2026-10-07T23:02:44.458084+09:00,24.056,17645,17644,96.086,18328,0.020815,25,44.49
2026-10-07T23:02:44.479265+09:00,24.0772,17644,17643,0.0,2128,0.021192,8,44.49
2026-10-07T23:02:44.479402+09:00,24.0772,17645,17644,0.0,18328,0.021192,25,44.49
2026-10-07T23:02:44.500356+09:00,24.0984,17644,17643,0.0,2128,0.021199,8,44.49
2026-10-07T23:02:44.500493+09:00,24.0984,17645,17644,0.0,18328,0.021199,25,44.49
2026-10-07T23:02:44.521738+09:00,24.1197,17644,17643,0.0,2128,0.021311,8,44.49
2026-10-07T23:02:44.521871+09:00,24.1197,17645,17644,0.0,18328,0.021311,25,44.49
2026-10-07T23:02:44.541673+09:00,24.1399,17644,17643,0.0,2128,0.020242,8,44.49
2026-10-07T23:02:44.541807+09:00,24.1399,17645,17644,0.0,18328,0.020242,25,44.49
2026-10-07T23:02:44.563215+09:00,24.1612,17644,17643,0.0,2128,0.021257,8,44.49
2026-10-07T23:02:44.563346+09:00,24.1612,17645,17644,0.0,18328,0.021257,25,44.49
2026-10-07T23:02:44.584556+09:00,24.1825,17644,17643,0.0,2128,0.021296,8,44.49
2026-10-07T23:02:44.584686+09:00,24.1825,17645,17644,0.0,18328,0.021296,25,44.49
2026-10-07T23:02:44.605909+09:00,24.2038,17644,17643,0.0,2128,0.021331,8,44.49
2026-10-07T23:02:44.606087+09:00,24.2038,17645,17644,0.0,18328,0.021331,25,44.49
2026-10-07T23:02:44.627181+09:00,24.2251,17644,17643,0.0,2128,0.021346,8,44.49
2026-10-07T23:02:44.627308+09:00,24.2251,17645,17644,0.0,18328,0.021346,25,44.49
2026-10-07T23:02:44.647912+09:00,24.2458,17644,17643,0.0,2128,0.020681,8,44.49
2026-10-07T23:02:44.648085+09:00,24.2458,17645,17644,0.0,18328,0.020681,25,44.49
2026-10-07T23:02:44.667835+09:00,24.2663,17644,17643,0.0,2128,0.020478,8,44.49
2026-10-07T23:02:44.668042+09:00,24.2663,17645,17644,0.0,18328,0.020478,25,44.49
2026-10-07T23:02:44.689307+09:00,24.2876,17644,17643,0.0,2128,0.021274,8,44.49
2026-10-07T23:02:44.689423+09:00,24.2876,17645,17644,0.0,18328,0.021274,25,44.49
2026-10-07T23:02:44.709636+09:00,24.3078,17644,17643,0.0,2128,0.020217,8,44.49
2026-10-07T23:02:44.709774+09:00,24.3078,17645,17644,0.0,18328,0.020217,25,44.49
2026-10-07T23:02:44.730733+09:00,24.3286,17644,17643,0.0,2128,0.020833,8,44.49
2026-10-07T23:02:44.730873+09:00,24.3286,17645,17644,0.0,18328,0.020833,25,44.49
2026-10-07T23:02:44.752177+09:00,24.35,17644,17643,0.0,2128,0.021337,8,44.49
2026-10-07T23:02:44.752317+09:00,24.35,17645,17644,0.0,18328,0.021337,25,44.49
2026-10-07T23:02:44.771842+09:00,24.3702,17644,17643,0.0,2128,0.020214,8,44.49
2026-10-07T23:02:44.772096+09:00,24.3702,17645,17644,0.0,18328,0.020214,25,44.49
2026-10-07T23:02:44.792718+09:00,24.3913,17644,17643,0.0,2128,0.021173,8,44.49
2026-10-07T23:02:44.792878+09:00,24.3913,17645,17644,0.0,18328,0.021173,25,44.49
2026-10-07T23:02:44.814968+09:00,24.4127,17644,17643,0.0,2128,0.021343,8,44.49
2026-10-07T23:02:44.815143+09:00,24.4127,17645,17644,0.0,18328,0.021343,25,44.49
2026-10-07T23:02:44.834036+09:00,24.4328,17644,17643,0.0,2128,0.020151,8,44.49
2026-10-07T23:02:44.834140+09:00,24.4328,17645,17644,0.0,18328,0.020151,25,44.49
2026-10-07T23:02:44.856292+09:00,24.454,17644,17643,0.0,2128,0.021165,8,44.49
2026-10-07T23:02:44.856440+09:00,24.454,17645,17644,0.0,18328,0.021165,25,44.49
2026-10-07T23:02:44.876177+09:00,24.4746,17644,17643,0.0,2128,0.020556,8,44.49
2026-10-07T23:02:44.876334+09:00,24.4746,17645,17644,0.0,18328,0.020556,25,44.49
2026-10-07T23:02:44.898139+09:00,24.4959,17644,17643,0.0,2128,0.02131,8,44.49
2026-10-07T23:02:44.898281+09:00,24.4959,17645,17644,0.0,18328,0.02131,25,44.49
2026-10-07T23:02:44.919345+09:00,24.5172,17644,17643,0.0,2128,0.021346,8,44.49
2026-10-07T23:02:44.919483+09:00,24.5172,17645,17644,0.0,18328,0.021346,25,44.49
2026-10-07T23:02:44.939537+09:00,24.5376,17644,17643,0.0,2128,0.020435,8,44.49
2026-10-07T23:02:44.939674+09:00,24.5376,17645,17644,0.0,18328,0.020435,25,44.49
2026-10-07T23:02:44.959954+09:00,24.5588,17644,17643,0.0,2128,0.021172,8,44.49
2026-10-07T23:02:44.960154+09:00,24.5588,17645,17644,0.0,18328,0.021172,25,44.49
2026-10-07T23:02:44.981840+09:00,24.5801,17644,17643,0.0,2128,0.021248,8,44.49
2026-10-07T23:02:44.982034+09:00,24.5801,17645,17644,0.0,18328,0.021248,25,44.49
2026-10-07T23:02:45.002100+09:00,24.6003,17644,17643,0.0,2128,0.020282,8,44.49
2026-10-07T23:02:45.002213+09:00,24.6003,17645,17644,0.0,18328,0.020282,25,44.49
2026-10-07T23:02:45.023870+09:00,24.6217,17644,17643,0.0,2128,0.021355,8,44.49
2026-10-07T23:02:45.024065+09:00,24.6217,17645,17644,0.0,18328,0.021355,25,44.49
2026-10-07T23:02:45.044020+09:00,24.6429,17644,17643,0.0,2128,0.021174,8,44.49
2026-10-07T23:02:45.044125+09:00,24.6429,17645,17644,0.0,18328,0.021174,25,44.49
2026-10-07T23:02:45.065525+09:00,24.6638,17644,17643,0.0,2128,0.020959,8,44.49
2026-10-07T23:02:45.065656+09:00,24.6638,17645,17644,0.0,18328,0.020959,25,44.49
2026-10-07T23:02:45.085080+09:00,24.684,17644,17643,0.0,2128,0.020161,8,44.49
2026-10-07T23:02:45.085184+09:00,24.684,17645,17644,0.0,18328,0.020161,25,44.49
2026-10-07T23:02:45.106552+09:00,24.7044,17644,17643,0.0,2128,0.020392,8,44.49
2026-10-07T23:02:45.106692+09:00,24.7044,17645,17644,0.0,18328,0.020392,25,44.49
2026-10-07T23:02:45.127860+09:00,24.7257,17644,17643,0.0,2128,0.021351,8,44.49
2026-10-07T23:02:45.128049+09:00,24.7257,17645,17644,0.0,18328,0.021351,25,44.49
2026-10-07T23:02:45.148054+09:00,24.7464,17644,17643,0.0,2128,0.020676,8,44.49
2026-10-07T23:02:45.148222+09:00,24.7464,17645,17644,0.0,18328,0.020676,25,44.49
2026-10-07T23:02:45.170057+09:00,24.7677,17644,17643,0.0,2128,0.021334,8,44.49
2026-10-07T23:02:45.170197+09:00,24.7677,17645,17644,0.0,18328,0.021334,25,44.49
2026-10-07T23:02:45.190965+09:00,24.7887,17644,17643,0.0,2128,0.020982,8,44.49
2026-10-07T23:02:45.191118+09:00,24.7887,17645,17644,0.0,18328,0.020982,25,44.49
2026-10-07T23:02:45.211624+09:00,24.8099,17644,17643,0.0,2128,0.021211,8,44.49
2026-10-07T23:02:45.211761+09:00,24.8099,17645,17644,0.0,18328,0.021211,25,44.49
2026-10-07T23:02:45.233391+09:00,24.8312,17644,17643,0.0,2128,0.021209,8,44.49
2026-10-07T23:02:45.233531+09:00,24.8312,17645,17644,0.0,18328,0.021209,25,44.49
2026-10-07T23:02:45.254664+09:00,24.8525,17644,17643,0.0,2128,0.021351,8,44.49
2026-10-07T23:02:45.254804+09:00,24.8525,17645,17644,0.0,18328,0.021351,25,44.49
2026-10-07T23:02:45.275484+09:00,24.8738,17644,17643,0.0,2128,0.021285,8,44.49
2026-10-07T23:02:45.275621+09:00,24.8738,17645,17644,0.0,18328,0.021285,25,44.49
2026-10-07T23:02:45.297261+09:00,24.8951,17644,17643,0.0,2128,0.021342,8,44.49
2026-10-07T23:02:45.297400+09:00,24.8951,17645,17644,0.0,18328,0.021342,25,44.49
2026-10-07T23:02:45.317195+09:00,24.9155,17644,17643,0.0,2128,0.020386,8,44.49
2026-10-07T23:02:45.317307+09:00,24.9155,17645,17644,0.0,18328,0.020386,25,44.49
2026-10-07T23:02:45.337353+09:00,24.9359,17644,17643,0.0,2128,0.020382,8,44.49
2026-10-07T23:02:45.337456+09:00,24.9359,17645,17644,0.0,18328,0.020382,25,44.49
2026-10-07T23:02:45.358727+09:00,24.9562,17644,17643,0.0,2128,0.020268,8,44.49
2026-10-07T23:02:45.358878+09:00,24.9562,17645,17644,0.0,18328,0.020268,25,44.49
2026-10-07T23:02:45.378085+09:00,24.9765,17644,17643,0.0,2128,0.020362,8,44.49
2026-10-07T23:02:45.378197+09:00,24.9765,17645,17644,0.0,18328,0.020362,25,44.49
2026-10-07T23:02:45.399320+09:00,24.9972,17644,17643,0.0,2128,0.020669,8,44.49
2026-10-07T23:02:45.399459+09:00,24.9972,17645,17644,0.0,18328,0.020669,25,44.49
2026-10-07T23:02:45.419431+09:00,25.0176,17644,17643,0.0,2128,0.020419,8,44.49
2026-10-07T23:02:45.419565+09:00,25.0176,17645,17644,0.0,18328,0.020419,25,44.49
2026-10-07T23:02:45.441149+09:00,25.0388,17644,17643,0.0,2128,0.021137,8,44.49
2026-10-07T23:02:45.441346+09:00,25.0388,17645,17644,0.0,18328,0.021137,25,44.49
2026-10-07T23:02:45.460647+09:00,25.0592,17644,17643,0.0,2128,0.020483,8,44.49
2026-10-07T23:02:45.460760+09:00,25.0592,17645,17644,0.0,18328,0.020483,25,44.49
2026-10-07T23:02:45.482606+09:00,25.0805,17644,17643,0.0,2128,0.02125,8,44.49
2026-10-07T23:02:45.482743+09:00,25.0805,17645,17644,0.0,18328,0.02125,25,44.49
2026-10-07T23:02:45.503973+09:00,25.1018,17644,17643,0.0,2128,0.021328,8,44.49
2026-10-07T23:02:45.504135+09:00,25.1018,17645,17644,0.0,18328,0.021328,25,44.49
2026-10-07T23:02:45.524065+09:00,25.122,17644,17643,0.0,2128,0.020221,8,44.49
2026-10-07T23:02:45.524195+09:00,25.122,17645,17644,0.0,18328,0.020221,25,44.49
2026-10-07T23:02:45.545453+09:00,25.1434,17644,17643,0.0,2128,0.021328,8,44.49
2026-10-07T23:02:45.545583+09:00,25.1434,17645,17644,0.0,18328,0.021328,25,44.49
2026-10-07T23:02:45.566082+09:00,25.164,17644,17643,0.0,2128,0.020627,8,44.49
2026-10-07T23:02:45.566263+09:00,25.164,17645,17644,0.0,18328,0.020627,25,44.49
2026-10-07T23:02:45.587452+09:00,25.1853,17644,17643,0.0,2128,0.021334,8,44.49
2026-10-07T23:02:45.587587+09:00,25.1853,17645,17644,0.0,18328,0.021334,25,44.49
2026-10-07T23:02:45.607709+09:00,25.2057,17644,17643,0.0,2128,0.020382,8,44.49
2026-10-07T23:02:45.607842+09:00,25.2057,17645,17644,0.0,18328,0.020382,25,44.49
2026-10-07T23:02:45.629051+09:00,25.227,17644,17643,0.0,2128,0.021292,8,44.49
2026-10-07T23:02:45.629181+09:00,25.227,17645,17644,0.0,18328,0.021292,25,44.49
2026-10-07T23:02:45.649345+09:00,25.2473,17644,17643,0.0,2128,0.020319,8,44.49
2026-10-07T23:02:45.649476+09:00,25.2473,17645,17644,0.0,18328,0.020319,25,44.49
2026-10-07T23:02:45.670762+09:00,25.2687,17644,17643,0.0,2128,0.021335,8,44.49
2026-10-07T23:02:45.670914+09:00,25.2687,17645,17644,0.0,18328,0.021335,25,44.49
2026-10-07T23:02:45.692038+09:00,25.2898,17644,17643,0.0,2128,0.021198,8,44.49
2026-10-07T23:02:45.692173+09:00,25.2898,17645,17644,0.0,18328,0.021198,25,44.49
2026-10-07T23:02:45.713347+09:00,25.3112,17644,17643,0.0,2128,0.021354,8,44.49
2026-10-07T23:02:45.713514+09:00,25.3112,17645,17644,0.0,18328,0.021354,25,44.49
2026-10-07T23:02:45.734341+09:00,25.3321,17644,17643,0.0,2128,0.020916,8,44.49
2026-10-07T23:02:45.734480+09:00,25.3321,17645,17644,0.0,18328,0.020916,25,44.49
2026-10-07T23:02:45.755445+09:00,25.3534,17644,17643,0.0,2128,0.0213,8,44.49
2026-10-07T23:02:45.755576+09:00,25.3534,17645,17644,0.0,18328,0.0213,25,44.49
2026-10-07T23:02:45.776861+09:00,25.3747,17644,17643,0.0,2128,0.021319,8,44.49
2026-10-07T23:02:45.777055+09:00,25.3747,17645,17644,0.0,18328,0.021319,25,44.49
2026-10-07T23:02:45.798192+09:00,25.396,17644,17643,0.0,2128,0.021295,8,44.49
2026-10-07T23:02:45.798382+09:00,25.396,17645,17644,0.0,18328,0.021295,25,44.49
2026-10-07T23:02:45.819429+09:00,25.4173,17644,17643,0.0,2128,0.021306,8,44.49
2026-10-07T23:02:45.819556+09:00,25.4173,17645,17644,0.0,18328,0.021306,25,44.49
2026-10-07T23:02:45.838872+09:00,25.4375,17644,17643,0.0,2128,0.020177,8,44.49
2026-10-07T23:02:45.839025+09:00,25.4375,17645,17644,0.0,18328,0.020177,25,44.49
2026-10-07T23:02:45.859349+09:00,25.4577,17644,17643,0.0,2128,0.020175,8,44.49
2026-10-07T23:02:45.859485+09:00,25.4577,17645,17644,0.0,18328,0.020175,25,44.49
2026-10-07T23:02:45.881346+09:00,25.479,17644,17643,0.0,2128,0.021315,8,44.49
2026-10-07T23:02:45.881482+09:00,25.479,17645,17644,0.0,18328,0.021315,25,44.49
2026-10-07T23:02:45.901407+09:00,25.4999,17644,17643,0.0,2128,0.020853,8,44.49
2026-10-07T23:02:45.901566+09:00,25.4999,17645,17644,0.0,18328,0.020853,25,44.49
2026-10-07T23:02:45.922608+09:00,25.5205,17644,17643,0.0,2128,0.020639,8,44.49
2026-10-07T23:02:45.922746+09:00,25.5205,17645,17644,0.0,18328,0.020639,25,44.49
2026-10-07T23:02:45.943953+09:00,25.5418,17644,17643,0.0,2128,0.021329,8,44.49
2026-10-07T23:02:45.944100+09:00,25.5418,17645,17644,0.0,18328,0.021329,25,44.49
2026-10-07T23:02:45.963813+09:00,25.562,17644,17643,0.0,2128,0.020182,8,44.49
2026-10-07T23:02:45.964007+09:00,25.562,17645,17644,0.0,18328,0.020182,25,44.49
2026-10-07T23:02:45.985522+09:00,25.5833,17644,17643,0.0,2128,0.021319,8,44.49
2026-10-07T23:02:45.985660+09:00,25.5833,17645,17644,0.0,18328,0.021319,25,44.49
2026-10-07T23:02:46.006820+09:00,25.6047,17644,17643,0.0,2128,0.021348,8,44.49
2026-10-07T23:02:46.007010+09:00,25.6047,17645,17644,0.0,18328,0.021348,25,44.49
2026-10-07T23:02:46.026837+09:00,25.6252,17644,17643,0.0,2128,0.020521,8,44.49
2026-10-07T23:02:46.027034+09:00,25.6252,17645,17644,0.0,18328,0.020521,25,44.49
2026-10-07T23:02:46.047574+09:00,25.6454,17644,17643,0.0,2128,0.020251,8,44.49
2026-10-07T23:02:46.047710+09:00,25.6454,17645,17644,0.0,18328,0.020251,25,44.49
2026-10-07T23:02:46.067534+09:00,25.6656,17644,17643,0.0,2128,0.020184,8,44.49
2026-10-07T23:02:46.067672+09:00,25.6656,17645,17644,0.0,18328,0.020184,25,44.49
2026-10-07T23:02:46.089317+09:00,25.6869,17644,17643,0.0,2128,0.021292,8,44.49
2026-10-07T23:02:46.089460+09:00,25.6869,17645,17644,0.0,18328,0.021292,25,44.49
2026-10-07T23:02:46.110400+09:00,25.7083,17644,17643,0.0,2128,0.021332,8,44.49
2026-10-07T23:02:46.110538+09:00,25.7083,17645,17644,0.0,18328,0.021332,25,44.49
2026-10-07T23:02:46.130640+09:00,25.7285,17644,17643,0.0,2128,0.020276,8,44.49
2026-10-07T23:02:46.130777+09:00,25.7285,17645,17644,0.0,18328,0.020276,25,44.49
2026-10-07T23:02:46.152006+09:00,25.7499,17644,17643,0.0,2128,0.021333,8,44.49
2026-10-07T23:02:46.152145+09:00,25.7499,17645,17644,0.0,18328,0.021333,25,44.49
2026-10-07T23:02:46.173305+09:00,25.7712,17644,17643,0.0,2128,0.021324,8,44.49
2026-10-07T23:02:46.173440+09:00,25.7712,17645,17644,0.0,18328,0.021324,25,44.49
2026-10-07T23:02:46.194531+09:00,25.7925,17644,17643,0.0,2128,0.021309,8,44.49
2026-10-07T23:02:46.194661+09:00,25.7925,17645,17644,0.0,18328,0.021309,25,44.49
2026-10-07T23:02:46.215843+09:00,25.8138,17644,17643,0.0,2128,0.021289,8,44.49
2026-10-07T23:02:46.216030+09:00,25.8138,17645,17644,0.0,18328,0.021289,25,44.49
2026-10-07T23:02:46.239144+09:00,25.8343,17644,17643,0.0,2128,0.020514,8,44.49
2026-10-07T23:02:46.244020+09:00,25.8343,17645,17644,0.0,18328,0.020514,25,44.49
2026-10-07T23:02:46.258476+09:00,25.8564,17644,17643,0.0,2128,0.022075,8,44.49
2026-10-07T23:02:46.258604+09:00,25.8564,17645,17644,0.0,18328,0.022075,25,44.49
2026-10-07T23:02:46.277626+09:00,25.8765,17644,17643,0.0,2128,0.020143,8,44.49
2026-10-07T23:02:46.277731+09:00,25.8765,17645,17644,0.0,18328,0.020143,25,44.49
2026-10-07T23:02:46.298783+09:00,25.8977,17644,17643,0.0,2128,0.021171,8,44.49
2026-10-07T23:02:46.298884+09:00,25.8977,17645,17644,0.0,18328,0.021171,25,44.49
2026-10-07T23:02:46.319103+09:00,25.918,17644,17643,0.0,2128,0.020323,8,44.49
2026-10-07T23:02:46.319206+09:00,25.918,17645,17644,0.0,18328,0.020323,25,44.49
2026-10-07T23:02:46.340468+09:00,25.9385,17644,17643,0.0,2128,0.02044,8,44.49
2026-10-07T23:02:46.340607+09:00,25.9385,17645,17644,0.0,18328,0.02044,25,44.49
2026-10-07T23:02:46.362051+09:00,25.9598,17644,17643,0.0,2128,0.021332,8,44.49
2026-10-07T23:02:46.362193+09:00,25.9598,17645,17644,0.0,18328,0.021332,25,44.49
2026-10-07T23:02:46.382583+09:00,25.9804,17644,17643,0.0,2128,0.020635,8,44.49
2026-10-07T23:02:46.382720+09:00,25.9804,17645,17644,0.0,18328,0.020635,25,44.49
2026-10-07T23:02:46.402677+09:00,26.0008,17644,17643,0.0,2128,0.020387,8,44.49
2026-10-07T23:02:46.402813+09:00,26.0008,17645,17644,0.0,18328,0.020387,25,44.49
2026-10-07T23:02:46.424287+09:00,26.0222,17644,17643,0.0,2128,0.021347,8,44.49
2026-10-07T23:02:46.424426+09:00,26.0222,17645,17644,0.0,18328,0.021347,25,44.49
2026-10-07T23:02:46.445566+09:00,26.0435,17644,17643,0.0,2128,0.021328,8,44.49
2026-10-07T23:02:46.445699+09:00,26.0435,17645,17644,0.0,18328,0.021328,25,44.49
2026-10-07T23:02:46.466515+09:00,26.0642,17644,17643,0.0,2128,0.020694,8,44.49
2026-10-07T23:02:46.466654+09:00,26.0642,17645,17644,0.0,18328,0.020694,25,44.49
2026-10-07T23:02:46.487544+09:00,26.0855,17644,17643,0.0,2128,0.021308,8,44.49
2026-10-07T23:02:46.487674+09:00,26.0855,17645,17644,0.0,18328,0.021308,25,44.49
2026-10-07T23:02:46.506729+09:00,26.1056,17644,17643,0.0,2128,0.020148,8,44.49
2026-10-07T23:02:46.506832+09:00,26.1056,17645,17644,0.0,18328,0.020148,25,44.49
2026-10-07T23:02:46.529144+09:00,26.127,17644,17643,0.0,2128,0.021357,8,44.49
2026-10-07T23:02:46.529281+09:00,26.127,17645,17644,0.0,18328,0.021357,25,44.49
2026-10-07T23:02:46.549650+09:00,26.1476,17644,17643,0.0,2128,0.020598,8,44.49
2026-10-07T23:02:46.549782+09:00,26.1476,17645,17644,0.0,18328,0.020598,25,44.49
2026-10-07T23:02:46.571078+09:00,26.1689,17644,17643,0.0,2128,0.021333,8,44.49
2026-10-07T23:02:46.571215+09:00,26.1689,17645,17644,0.0,18328,0.021333,25,44.49
2026-10-07T23:02:46.591353+09:00,26.1894,17644,17643,0.0,2128,0.020515,8,44.49
2026-10-07T23:02:46.591489+09:00,26.1894,17645,17644,0.0,18328,0.020515,25,44.49
2026-10-07T23:02:46.611678+09:00,26.2106,17644,17643,0.0,2128,0.021156,8,44.49
2026-10-07T23:02:46.611781+09:00,26.2106,17645,17644,0.0,18328,0.021156,25,44.49
2026-10-07T23:02:46.632331+09:00,26.2307,17644,17643,0.0,2128,0.020143,8,44.49
2026-10-07T23:02:46.632479+09:00,26.2307,17645,17644,0.0,18328,0.020143,25,44.49
2026-10-07T23:02:46.654203+09:00,26.2521,17644,17643,0.0,2128,0.021352,8,44.49
2026-10-07T23:02:46.654340+09:00,26.2521,17645,17644,0.0,18328,0.021352,25,44.49
2026-10-07T23:02:46.674496+09:00,26.2725,17644,17643,0.0,2128,0.02037,8,44.49
2026-10-07T23:02:46.674632+09:00,26.2725,17645,17644,0.0,18328,0.02037,25,44.49
2026-10-07T23:02:46.696036+09:00,26.2938,17644,17643,0.0,2128,0.021331,8,44.49
2026-10-07T23:02:46.696179+09:00,26.2938,17645,17644,0.0,18328,0.021331,25,44.49
2026-10-07T23:02:46.716381+09:00,26.3142,17644,17643,0.0,2128,0.020427,8,44.49
2026-10-07T23:02:46.716517+09:00,26.3142,17645,17644,0.0,18328,0.020427,25,44.49
2026-10-07T23:02:46.736677+09:00,26.3345,17644,17643,0.0,2128,0.020324,8,44.49
2026-10-07T23:02:46.736813+09:00,26.3345,17645,17644,0.0,18328,0.020324,25,44.49
2026-10-07T23:02:46.757803+09:00,26.3556,17644,17643,0.0,2128,0.021048,8,44.49
2026-10-07T23:02:46.757999+09:00,26.3556,17645,17644,0.0,18328,0.021048,25,44.49
2026-10-07T23:02:46.778807+09:00,26.3767,17644,17643,0.0,2128,0.0211,8,44.49
2026-10-07T23:02:46.779001+09:00,26.3767,17645,17644,0.0,18328,0.0211,25,44.49
2026-10-07T23:02:46.799205+09:00,26.3975,17644,17643,0.0,2128,0.020804,8,44.49
2026-10-07T23:02:46.799320+09:00,26.3975,17645,17644,0.0,18328,0.020804,25,44.49
2026-10-07T23:02:46.820292+09:00,26.4184,17644,17643,0.0,2128,0.020886,8,44.49
2026-10-07T23:02:46.820434+09:00,26.4184,17645,17644,0.0,18328,0.020886,25,44.49
2026-10-07T23:02:46.840608+09:00,26.4387,17644,17643,0.0,2128,0.02035,8,44.49
2026-10-07T23:02:46.840745+09:00,26.4387,17645,17644,0.0,18328,0.02035,25,44.49
2026-10-07T23:02:46.862204+09:00,26.4601,17644,17643,0.0,2128,0.021333,8,44.49
2026-10-07T23:02:46.862345+09:00,26.4601,17645,17644,0.0,18328,0.021333,25,44.49
2026-10-07T23:02:46.882487+09:00,26.4804,17644,17643,0.0,2128,0.020296,8,44.49
2026-10-07T23:02:46.882688+09:00,26.4804,17645,17644,0.0,18328,0.020296,25,44.49
2026-10-07T23:02:46.902221+09:00,26.5006,17644,17643,0.0,2128,0.020256,8,44.49
2026-10-07T23:02:46.902379+09:00,26.5006,17645,17644,0.0,18328,0.020256,25,44.49
2026-10-07T23:02:46.924218+09:00,26.5221,17644,17643,0.0,2128,0.021484,8,44.49
2026-10-07T23:02:46.924357+09:00,26.5221,17645,17644,0.0,18328,0.021484,25,44.49
2026-10-07T23:02:46.945561+09:00,26.5434,17644,17643,0.0,2128,0.021343,8,44.49
2026-10-07T23:02:46.945697+09:00,26.5434,17645,17644,0.0,18328,0.021343,25,44.49
2026-10-07T23:02:46.966560+09:00,26.5643,17644,17643,0.0,2128,0.020839,8,44.49
2026-10-07T23:02:46.966696+09:00,26.5643,17645,17644,0.0,18328,0.020839,25,44.49
2026-10-07T23:02:46.987769+09:00,26.5856,17644,17643,0.0,2128,0.021341,8,44.49
2026-10-07T23:02:46.987957+09:00,26.5856,17645,17644,0.0,18328,0.021341,25,44.49
2026-10-07T23:02:47.008047+09:00,26.6059,17644,17643,0.0,2128,0.020311,8,44.49
2026-10-07T23:02:47.008191+09:00,26.6059,17645,17644,0.0,18328,0.020311,25,44.49
2026-10-07T23:02:47.027847+09:00,26.6262,17644,17643,0.0,2128,0.020268,8,44.49
2026-10-07T23:02:47.028052+09:00,26.6262,17645,17644,0.0,18328,0.020268,25,44.49
2026-10-07T23:02:47.049106+09:00,26.647,17644,17643,0.0,2128,0.020853,8,44.49
2026-10-07T23:02:47.049225+09:00,26.647,17645,17644,0.0,18328,0.020853,25,44.49
2026-10-07T23:02:47.068479+09:00,26.6673,17644,17643,0.0,2128,0.020236,8,44.49
2026-10-07T23:02:47.068581+09:00,26.6673,17645,17644,0.0,18328,0.020236,25,44.49
2026-10-07T23:02:47.090429+09:00,26.6881,17644,17643,0.0,2128,0.020797,8,44.49
2026-10-07T23:02:47.090739+09:00,26.6881,17645,17644,0.0,18328,0.020797,25,44.49
2026-10-07T23:02:47.111618+09:00,26.7094,17644,17643,0.0,2128,0.021353,8,44.49
2026-10-07T23:02:47.111806+09:00,26.7094,17645,17644,0.0,18328,0.021353,25,44.49
2026-10-07T23:02:47.132690+09:00,26.7305,17644,17643,0.0,2128,0.021058,8,44.49
2026-10-07T23:02:47.132892+09:00,26.7305,17645,17644,0.0,18328,0.021058,25,44.49
2026-10-07T23:02:47.154038+09:00,26.7518,17644,17643,0.0,2128,0.021355,8,44.49
2026-10-07T23:02:47.154180+09:00,26.7518,17645,17644,0.0,18328,0.021355,25,44.49
2026-10-07T23:02:47.174690+09:00,26.7724,17644,17643,0.0,2128,0.020547,8,44.49
2026-10-07T23:02:47.174920+09:00,26.7724,17645,17644,0.0,18328,0.020547,25,44.49
2026-10-07T23:02:47.194098+09:00,26.7926,17644,17643,0.0,2128,0.020169,8,44.49
2026-10-07T23:02:47.194217+09:00,26.7926,17645,17644,0.0,18328,0.020169,25,44.49
2026-10-07T23:02:47.216449+09:00,26.8139,17644,17643,0.0,2128,0.021346,8,44.49
2026-10-07T23:02:47.216593+09:00,26.8139,17645,17644,0.0,18328,0.021346,25,44.49
2026-10-07T23:02:47.235826+09:00,26.8343,17644,17643,0.0,2128,0.020357,8,44.49
2026-10-07T23:02:47.235981+09:00,26.8343,17645,17644,0.0,18328,0.020357,25,44.49
2026-10-07T23:02:47.257863+09:00,26.8555,17644,17643,0.0,2128,0.021192,8,44.49
2026-10-07T23:02:47.258014+09:00,26.8555,17645,17644,0.0,18328,0.021192,25,44.49
2026-10-07T23:02:47.277761+09:00,26.8766,17644,17643,0.0,2128,0.021177,8,44.49
2026-10-07T23:02:47.277868+09:00,26.8766,17645,17644,0.0,18328,0.021177,25,44.49
2026-10-07T23:02:47.300065+09:00,26.8977,17644,17643,0.0,2128,0.021073,8,44.49
2026-10-07T23:02:47.300205+09:00,26.8977,17645,17644,0.0,18328,0.021073,25,44.49
2026-10-07T23:02:47.321338+09:00,26.919,17644,17643,0.0,2128,0.021335,8,44.49
2026-10-07T23:02:47.321482+09:00,26.919,17645,17644,0.0,18328,0.021335,25,44.49
2026-10-07T23:02:47.342044+09:00,26.9398,17644,17643,0.0,2128,0.020777,8,44.49
2026-10-07T23:02:47.342187+09:00,26.9398,17645,17644,0.0,18328,0.020777,25,44.49
2026-10-07T23:02:47.363134+09:00,26.961,17644,17643,0.0,2128,0.021132,8,44.49
2026-10-07T23:02:47.363274+09:00,26.961,17645,17644,0.0,18328,0.021132,25,44.49
2026-10-07T23:02:47.384203+09:00,26.9822,17644,17643,0.0,2128,0.021218,8,44.49
2026-10-07T23:02:47.384340+09:00,26.9822,17645,17644,0.0,18328,0.021218,25,44.49
2026-10-07T23:02:47.404807+09:00,27.0034,17644,17643,0.0,2128,0.02121,8,44.49
2026-10-07T23:02:47.405029+09:00,27.0034,17645,17644,0.0,18328,0.02121,25,44.49
2026-10-07T23:02:47.426068+09:00,27.0238,17644,17643,0.0,2128,0.020395,8,44.49
2026-10-07T23:02:47.426186+09:00,27.0238,17645,17644,0.0,18328,0.020395,25,44.49
2026-10-07T23:02:47.447280+09:00,27.045,17644,17643,0.0,2128,0.021259,8,44.49
2026-10-07T23:02:47.447531+09:00,27.045,17645,17644,0.0,18328,0.021259,25,44.49
2026-10-07T23:02:47.468010+09:00,27.0663,17644,17643,0.0,2128,0.021224,8,44.49
2026-10-07T23:02:47.468171+09:00,27.0663,17645,17644,0.0,18328,0.021224,25,44.49
2026-10-07T23:02:47.489776+09:00,27.0876,17644,17643,0.0,2128,0.02131,8,44.49
2026-10-07T23:02:47.490033+09:00,27.0876,17645,17644,0.0,18328,0.02131,25,44.49
2026-10-07T23:02:47.509360+09:00,27.108,17644,17643,0.0,2128,0.020418,8,44.49
2026-10-07T23:02:47.509470+09:00,27.108,17645,17644,0.0,18328,0.020418,25,44.49
2026-10-07T23:02:47.531219+09:00,27.1287,17644,17643,0.0,2128,0.020681,8,52.74
2026-10-07T23:02:47.531358+09:00,27.1287,17645,17644,0.0,18328,0.020681,25,52.74
2026-10-07T23:02:47.550161+09:00,27.149,17644,17643,0.0,2128,0.020371,8,52.74
2026-10-07T23:02:47.550263+09:00,27.149,17645,17644,98.178,18328,0.020371,27,52.74
2026-10-07T23:02:47.571456+09:00,27.1702,17644,17643,0.0,2128,0.021114,8,52.74
2026-10-07T23:02:47.571570+09:00,27.1702,17645,17644,94.726,18328,0.021114,29,52.74
2026-10-07T23:02:47.592552+09:00,27.1906,17644,17643,0.0,2128,0.020412,8,52.74
2026-10-07T23:02:47.592695+09:00,27.1906,17645,17644,48.992,18328,0.020412,30,52.74
2026-10-07T23:02:47.614312+09:00,27.212,17644,17643,0.0,2128,0.021394,8,52.74
2026-10-07T23:02:47.614462+09:00,27.212,17645,17644,0.0,18328,0.021394,30,52.74
